"File_Key","Column","Rows","Explicit_FAIL_N","REVIEW_N","PASS_N"
"Analysis_Set_QC","Status",44,0,1,43
"Discovery_Audit","Final_Status",4,0,1,3
"Discovery_Audit","Final_Decision",4,0,0,0
"Discovery_Audit","Decision_Notes",4,0,0,0
"Family_Harmonization","Status",2,0,0,2
"Meta_Audit","Final_Status",2,0,2,0
"Meta_Audit","Final_Decision",2,0,0,0
"Meta_Audit","Decision_Notes",2,0,0,0
"Global_Meta_Audit","Status",8,0,1,7
"SDI_Formula_Lock","Status",2,0,0,0
"SDI_External_Audit","Status",10,0,0,10
"Exploratory_Score_Performance","Analysis_Status",32,0,0,0
"Leave_One_Genus_Out","Analysis_Status",24,0,0,0
"Diagnostic_Workflow_Audit","Status",7,0,0,7
"Day12_Input_Audit","Status",8,0,2,8
"Timepoint_Order_Audit","PreBind_Status",20,0,0,20
"Timepoint_Order_Audit","PostBind_Status",20,0,0,20
"Timepoint_Order_Audit","Status",20,0,0,20
"Mixed_Model_Terms","Status",145,0,0,142
"Mixed_Model_Coefficients","Status",260,0,0,257
"Paired_Changes","Status",198,0,46,140
"Myocardial_CrossSectional","Status",11,0,3,8
"Timepoint_Group_Comparisons","Status",66,0,9,57
"Day12_Analysis_Set_Audit","Input_Status",6,0,2,6
"Day12_Analysis_Set_Audit","Final_Status",6,0,0,6
"Day12_Workflow_Audit","Status",8,0,0,8
"Day12_Sample_Metrics","Analysis_Status",404,0,0,0
"Day12_Sample_Metrics","Organ_Dysfunction_Status",404,0,0,0
"Day12_Sample_Metrics","Status_Resolved",404,0,0,0
"Day12_Sample_Metrics","Status_Factor",404,0,0,0
