Relative_Path,Size_Bytes,SHA256
.gitignore,64,ec566e5ddd8f3c1f6ad16277aacecdbd4d4dd2494148ba319a92f2ba25e329a6
CHANGELOG.md,3695,0b2ff8687f8515fe21f6841ef3d548766e55896660630383e96ba9198c94ed3c
CITATION.md,345,0914593bb71e20b64c49fb773ba27aa6d91629a547904d154f71910d3b8e10e4
LICENSE,1068,9f1abe28a25b5f6f95c58a81a647de3fa72ff6388d228c59bddd079255709989
PUBLIC_FINAL_INVENTORY.txt,584,3be76ae9cb1e3e96e500ff5bc9130731e9d34ff98afd3b6b77e929e88f8f15db
README.md,10602,2213c575a220dec74a5d1e64595145a9cad9eb65b37b1d047d809f895b891cc2
VERSION,8,66980c5dfefd9d88187864b458fb33c70ec5277ae25ce6542d18b0d413c05e78
analysis/01_prepare_analysis_sets.R,28539,4d37da7350f6133b84fd4c5fdc58e785a2fdbd93f57b5c17de2d22b2cf1044cd
analysis/02_discovery_statistics.R,41236,3bbfe94a4dd93f9987106c82d3fec8659b5bb906a92761c79210f87ca55dc339
analysis/03_harmonized_meta_analysis.R,49362,195accfb405cb43e23b331e17060288ac3e05a7cc9433cbaf58c85ba9c15794c
analysis/04_sdi_external_validation.R,45633,b1014442ec40af506b78ed5efdf8226ae6f628e9b209786af80ffdb91bbd7da7
analysis/05_sdi_failure_diagnosis.R,48567,d22021d77aaf8a527219d690c921241d06771c5cae42f3f5af5113a9544ec977
analysis/06_longitudinal_support.R,70280,2d581da2800dd692fea7308993982f987011afb34af70885007ec236db7c34ab
analysis/07_generate_final_outputs.R,69795,6677124440951cbe3e3363a000bb2d65728d3dac958dc384321362b24dc8a536
data/CODEBOOK.csv,2487,b6961dcbd9ef6df3778ca341adf171fe93e131d40c04a67f7c4f5919ea9befc6
data/analysis_ready_checkpoint/final_frozen_v1/PRJEB33360/PRJEB33360_analysis_ready_classified_genus.csv,549952,dcc631e28a3f567c4aa1cb66a052db160d2ba12076c4039d7c24f4e8f2916b92
data/analysis_ready_checkpoint/final_frozen_v1/PRJEB33360/PRJEB33360_genus_classified_counts.csv,251318,3d626b8f6a7778dca6fec50ec6858d9700bb6405537081e07a92ef9e3cb22740
data/analysis_ready_checkpoint/final_frozen_v1/PRJNA1010969/PRJNA1010969_analysis_ready_classified_genus.csv,133459,fd2c21ad6224ebfbb556da36f5ecafdb09e2a01a639f5c53c5e907ff972e789d
data/analysis_ready_checkpoint/final_frozen_v1/PRJNA1010969/PRJNA1010969_genus_classified_counts.csv,44604,4066a2ea11ab6ea8a42dc66419c8f2b78dfebcfe7528ee12179458dbbf7b52da
data/analysis_ready_checkpoint/final_frozen_v1/PRJNA430161/PRJNA430161_analysis_ready_classified_genus.csv,38675,b8769dd4d52d8896d4345d8dfdfe3a15fed911835779f5d1c966bfeef9f1ab74
data/analysis_ready_checkpoint/final_frozen_v1/PRJNA430161/PRJNA430161_genus_classified_counts.csv,14653,99585eb3b25eb1d69f629bfe4f3a75269d0e8e7656ef498cac9d2a171a519d95
data/analysis_ready_checkpoint/final_frozen_v1/PRJNA691455/PRJNA691455_analysis_ready_classified_genus.csv,128613,4634709c71d5fe8787e593618a814f00d5fd0e9c405cc0834dee9edb2e5bbf47
data/analysis_ready_checkpoint/final_frozen_v1/PRJNA691455/PRJNA691455_genus_classified_counts.csv,46915,8cffa12d1426860bd96aac9cb19858a3e3203f4e1eb6db7a6a3aad7d87820fe5
data/analysis_ready_checkpoint/final_frozen_v1/PRJNA797231/PRJNA797231_analysis_ready_classified_genus.csv,73193,547724bb645bd6cd4038846a4b34897f70625dd7428073bafc7bf837296f70d3
data/analysis_ready_checkpoint/final_frozen_v1/PRJNA797231/PRJNA797231_genus_classified_counts.csv,31097,e9292f93b38e287dfb4c1608a3ff24ae3438effc712607ef052270f182eed3de
data/analysis_ready_checkpoint/final_frozen_v1/PRJNA912621/PRJNA912621_analysis_ready_classified_genus.csv,197364,a669f8e260e49ed14585c309362c0d9cb625526ec72f30b3f4626e8cf90ceaba
data/analysis_ready_checkpoint/final_frozen_v1/PRJNA912621/PRJNA912621_genus_classified_counts.csv,97195,e6e4611d5315d2d924b761604c560f9730a89f68e691c3cb46dfa6b469fa6c1a
data/analysis_ready_checkpoint/final_frozen_v1/PRJNA978257/PRJNA978257_analysis_ready_classified_genus.csv,35546,06110ae0a2649e5b95f40346a36f85b35678cb085e1c7fb9a02bf5a9f906d566
data/analysis_ready_checkpoint/final_frozen_v1/PRJNA978257/PRJNA978257_genus_classified_counts.csv,16172,02571c94402264c707c7976413419d1190d8fd3fb1de304f7b677cb333cf696d
data/checkpoints/README.md,1089,35c3b29b4145dc36bff7d58d8ae19d8df0eb9f343fb6c1fdeb8c376a85982fe3
data/metadata/03_Metadata_Analysis_Ready_v1.xlsx,88552,8a3e3d8f4f456fa217572bae65bd897a66668e823e429d47f9836e5df0213ec3
docs/DADA2_REPRODUCIBILITY.md,846,7103ea84b201552f6b84c9a5f4bef6c03eb2dfd63e1cb780406517e8a175b122
docs/DATA_AVAILABILITY.md,491,095deba839351d9a84a42545d6759077855f472e930794c6eefd1ed1dc1b1753
docs/PATH_CONFIGURATION.md,2221,df8a5ebf09588d0a590e3cb4d007d04c46314db2a7c98210c921ff5e7b355401
docs/PUBLIC_PACKAGE_CONTENTS.md,2447,6f8f7c0530264efab38656bcdb74b0a08a97b3590d2fa98b901456f69d8bd80a
docs/REPRODUCIBILITY_SCOPE.md,1143,a38f3f0837bec5c23e9ed08376a548d76c2642ef63bc1803378c955350e80ad4
docs/WORKFLOW.md,2121,b00728fa9c9c9ee1f8c426418591a4146e1e3d2681d86cba9984d655c4eb3aa4
environment/install_core_packages.R,436,16da42702018c84bee4f05f859a9076e09a94e9437fef0043a41fe805baa1578
environment/verified_package_versions.csv,426,28b36ee302a4147ea3a6c60e6f4cdd4149f53b41515e33bc04cc5d6449c72dcc
environment/verified_sessionInfo.txt,3454,c066cca8be7bc1f2e80762ddaee8a1a9970084c7f2b99622d8f29b42c7347669
expected_results/frozen_result_inputs/01_15_Analysis_Set_Summary.csv,2491,6b14c83851e72d75e098f74de286e36a53fc970405430d5bb943ce9174028101
expected_results/frozen_result_inputs/02_15_Analysis_Set_QC.csv,4818,fd0e8ea8b15826baa087ea24e99896d2644451267a4579a6c3a0ee8c75ae77f0
expected_results/frozen_result_inputs/03_15_Group_Descriptive_Statistics.csv,6624,79f4331295f0d5761026b26c563d8e907a670e13d628e2ab9014950e9f634bdf
expected_results/frozen_result_inputs/04_16_Alpha_Diversity_Tests.csv,3627,59c22fcf2df2e771b8d84eae2cdedb74f8067cccdafbd075fb5fe6f3a431463e
expected_results/frozen_result_inputs/05_16_Beta_Diversity_PERMANOVA.csv,899,fd30a2db6b14b4bee32e72c326bdb27ab2cb568668d7ed9fc3b415974029a491
expected_results/frozen_result_inputs/06_16_Beta_Dispersion_Tests.csv,765,9a04e04228ef353b676399db6a656fd58ebd827d0a9d12cf416d71f3802efe5b
expected_results/frozen_result_inputs/07_16_Discovery_Analysis_Audit.csv,686,600589cb7725021128a20909bd51fff5795f04e5aa863c1fdb882cf7c6a7474a
expected_results/frozen_result_inputs/08_17_Family_Feature_Harmonization.csv,24414,f34466cd79e95f76bf40dc47fc8ec4dc8623f10c418aefcd2a2c99146018faf8
expected_results/frozen_result_inputs/09_17_Random_Fixed_Meta_Results.csv,260150,89bd44822290b2b918ac24968678f1c442687c99ab1579647da7b5c9aa2bc811
expected_results/frozen_result_inputs/10_17_Candidate_Genus_Grading.csv,89097,c78f73773393b6ac3f72e81cfbb1697618e6e407736d1bda3d6219693c50be7d
expected_results/frozen_result_inputs/11_17_Meta_Analysis_Audit.csv,704,43941d496433ed137a7bb13bb23c580a84c43d75023b50fad5aff671bff7c744
expected_results/frozen_result_inputs/12_17_Global_Meta_Workflow_Audit.csv,871,cd4eac700c1b308f71e9485878a07297037bf266b8f9c38837cd676a410b6c9e
expected_results/frozen_result_inputs/13_18_SDI_Candidate_Lock.csv,7788,8de2be6c7174f8afd187a592a56db1a159883d2922e6dae864fdf0a7d7398142
expected_results/frozen_result_inputs/14_18_SDI_Formula_Lock.csv,1106,99772468d819b1c9d944894f31f63b49abd7ffe05d3bf6c82ad5f017891c2a1a
expected_results/frozen_result_inputs/15_18_SDI_Model_and_Threshold_Lock.csv,572,6b8b160d447fc84429ba152b3a8d6e391ff4ed61144dcfc26dc88e00f4e0209b
expected_results/frozen_result_inputs/16_18_SDI_Performance_Summary.csv,3438,b81914bd632362959fe9e373cadb26e3088e3b98824da2d673e824769ddb036e
expected_results/frozen_result_inputs/17_18_SDI_Locked_Threshold_Metrics.csv,2164,3502cfec9917b26c08ada74823cc93511251746cadd9fb4116c3be3d2bb6494e
expected_results/frozen_result_inputs/18_18_SDI_Group_Comparison_Tests.csv,2478,85d75159f909f0566b4d4d59c0f98955a08b9db5926e167b6a0e09b5cb6fdf03
expected_results/frozen_result_inputs/19_18_SDI_Internal_LOCO_Validation.csv,872,fc7f3be0d2cf4eabf63e3bbcf3c06776726c43705f20527593fe53afab433fe7
expected_results/frozen_result_inputs/20_18_SDI_External_Validation_Audit.csv,1008,9fbb15d3631dbea73b87b179efc4c61cab134e6a01499379f17824ffec6cb595
expected_results/frozen_result_inputs/21_19_Candidate_CrossSet_Diagnosis.csv,1554,3304cdd1a13062b667dd5119d5276f2a8546cab880f27590afc58770d721b505
expected_results/frozen_result_inputs/22_19_Exploratory_Score_Performance.csv,11749,a910787c558903ecb712938e273f55f4059282226535f8db73f0238408911da2
expected_results/frozen_result_inputs/23_19_Leave_One_Genus_Out_Sensitivity.csv,6953,5589f07dd95435d822acf8cf26b8cdb3c11071bc226b58b78be9fbd38d254606
expected_results/frozen_result_inputs/24_19_Diagnostic_Conclusion.csv,1179,a0b47d75b0a6d6d980338229bf66c5f37082d8b7d684309a414a65e579a27c38
expected_results/frozen_result_inputs/25_19_Diagnostic_Workflow_Audit.csv,732,883e889b00b37b50db2af1872967b9d11659219fb61decfc2fd9ad3fdb4617bc
expected_results/frozen_result_inputs/26_20_Input_Audit.csv,1784,e10cf15273aba536322e23245f0ba2ca5e9d80d909fafcf88e122331fa575437
expected_results/frozen_result_inputs/27_20_Timepoint_Order_Audit.csv,1782,32c42e474a4dd8fb5493a7458d8b47baad0e32c81a1f1db15d9926a84b922273
expected_results/frozen_result_inputs/28_20_Mixed_Model_Overall_Terms.csv,32691,7d2ba117a55979ca825412369b65c10795958c6af4128825459080db6124e102
expected_results/frozen_result_inputs/29_20_Mixed_Model_Coefficients.csv,74195,fe64155dc0fb24f2babc7d0c4e9452da1c4abb2ae1382a4a3a929e04c5962cf1
expected_results/frozen_result_inputs/30_20_Paired_Timepoint_Changes.csv,47187,79c61a07c62950b5f53bf6b3a7469c9990915b998c885f15ff98964c69c16477
expected_results/frozen_result_inputs/31_20_Myocardial_Dysfunction_CrossSectional.csv,2816,b58286178e078917fcfb6a23fec84c646b9c9eb647a105e11709be620ab77a34
expected_results/frozen_result_inputs/32_20_Timepoint_Group_Comparisons.csv,14127,b32702d868b722ca12734edbf79a7e8a2078f9603888a829c8b5831e2e350c63
expected_results/frozen_result_inputs/33_20_Analysis_Set_Audit.csv,1321,8716ca07243991e871a76c669ed4293a594ffd95a63484abdd72d0243f3f6527
expected_results/frozen_result_inputs/34_20_Workflow_Audit.csv,863,8920a1aa31945df6379e76996e65dd6afa4f437f9119ac281f4309b7f9e4f531
expected_results/frozen_result_inputs/35_18_All_SDI_Sample_Scores.csv,54406,32b0d19721e72c5a80cb4566866bcfd13e37ee0f49394489f73c00683fba1e67
expected_results/frozen_result_inputs/36_20_All_Supportive_Sample_Metrics.csv,174762,36fbd07f15eda676852f568b2936c5d8fafcd663e3316ebd6d27f46560c0f9c0
expected_results/scientific_outputs/21_Beta_PERMANOVA_FDR_Field_Map.csv,501,f4354d49cc0f6ccf31f2fedfa3db87109466136ab31abb5bffc15d2c71ae1d9f
expected_results/scientific_outputs/21_Figure2A_Beta_PERMANOVA_Source.csv,574,933690bd8130f2cd22810f29903dba8e912ebb2dd3bff419d2be8690849c2fba
expected_results/scientific_outputs/21_Figure2B_ICU_Meta_Source.csv,13604,68e50fce38c5d5d889855ce5fccb70a8c26c197fc9a4c321c8df13732d8a8c19
expected_results/scientific_outputs/21_Figure2C_Healthy_Meta_Source.csv,14142,a16982cec09a91d8fc41cb5a84e1bed3b208115a64d8e8672ec8a68e152355d7
expected_results/scientific_outputs/21_Figure3A_SDI_AUC_Source.csv,2139,f80ce4dfefd078cfbc5c32f64df21bcadf43451f9ca32673f5d254ebe9d9b7f6
expected_results/scientific_outputs/21_Figure3B_Candidate_Diagnosis_Source.csv,1554,3304cdd1a13062b667dd5119d5276f2a8546cab880f27590afc58770d721b505
expected_results/scientific_outputs/21_Figure3C_External_SDI_Distribution_Source.csv,21378,4920da02bff45b9936d137a6ed752a3a27e269869d0a0de0b39abb675bcb264c
expected_results/scientific_outputs/21_Figure4A_T01_Shannon_Source.csv,518,60cf16691c7cc1c764a9a0f0a4dae103a8a18bb007e20eaf4b975717fd418221
expected_results/scientific_outputs/21_Figure4B_T03_Shannon_Source.csv,315,f1ab6884d6530926e0371989d3913d741429e5ea0c2adce73a1b0d5fc3e18866
expected_results/scientific_outputs/21_Figure4C_T06_Shannon_Source.csv,615,8ee0c195de70dd5fab1282b4569c30be8d7e08e863a8517f209a3a731aa7341e
expected_results/scientific_outputs/21_Figure4D_T01_SDI_Source.csv,521,5b3af37ab7ec787851ae5628e5edd2c8928ac4f6b5ed719ba894f8b3a7348bcc
expected_results/scientific_outputs/21_Final_Freeze_Assertions.csv,427,68f9f785ca03fed69526db812e7db57e5bc80d82b05f787472c2a69d024687ce
expected_results/scientific_outputs/21_Manuscript_Claim_Registry.csv,3503,563bcf34c16a785f8e3070ee8c53029e3472901fcbf543d3fa804c14555faefe
expected_results/scientific_outputs/21_Results_Number_Summary.csv,736,737a635796b9039eb268979f030bce9235c4051abc7ffcefb26c6092005fbc63
expected_results/scientific_outputs/21_Status_Field_Scan.csv,1435,3b695f2d031866ed65f1ecefb8b21f73f0ef4e3d4277c2cd6ed01d8340b22afc
expected_results/scientific_outputs/21_Table1_Cohorts.csv,2871,f3116facfb049969199396a024bea3c22d3d3922c1ee21ab06b3ccaef6e6ae31
expected_results/scientific_outputs/21_Table2A_Alpha.csv,1721,b27d9f1c23881409bbe36a4b179310299e63aeed377065a7fd015a7b6029fd2f
expected_results/scientific_outputs/21_Table2B_Beta.csv,680,3e42f037fa6264b543f72be2710c25e33c02350b1cae1a137d36269853352a5f
expected_results/scientific_outputs/21_Table2C_Meta.csv,6543,29018eed1527193295f8673836f80535d8fa2ae7b442d6867d6200b910d10a50
expected_results/scientific_outputs/21_Table3A_SDI_Performance.csv,1672,563f73437f15c115a689d59cba3295343fdb7ef8d49135e5a0d4260b63845f7b
expected_results/scientific_outputs/21_Table3B_SDI_Threshold.csv,1133,03a49f9220e0f58671596abdb7767fed5dc40d1f112ab6c481141ceb90fe342e
expected_results/scientific_outputs/21_Table4A_Longitudinal.csv,8245,88ec0c8a0a6f97f7f8646bc4985133cec106d0ea2f9c3b8fb6833aa780787729
expected_results/scientific_outputs/21_Table4B_Myocardial.csv,1325,4ed652e899112e9b953cec18b61c9d1320a9c84dd01565fd4c1054aa62369425
figure_audit_20260902/08_make_main_figures_PUBLIC.R,32283,6d3f3cf6e3e6b265ccab7ce4c9c2aba346c9104d7717b849f361395d1ae23df7
figure_audit_20260902/09_audit_main_figure_sources_PUBLIC.R,5949,c80cf682f2387d3425f76ccd140c6ed8ca0ca0cfa1f626cfd43a9fcebf3dc43d
figure_audit_20260902/10_normalize_publication_labels.R,3313,a5dc0a247b09bced6028fe0da0d04dbfc0e8da06f277a48c21d4ff148ff50399
figure_audit_20260902/11_make_supplementary_figures_PUBLIC.R,24658,ac499d13c475f9666ca7ecda8a672cd5ec4d194166809c98353e374273e63fc6
figure_audit_20260902/README.md,1927,ad0592673424e1a8f81766cb710f3e2d368b697b0385b0050993bd81eebaf39f
figure_audit_20260902/README_SUPPLEMENTARY_FIGURES.md,1699,10997ec636f4faa16491df15118bfcdb61db7cc022094e00a9aeed57ff3d18ef
figure_audit_20260902/V1_Figure1_Screening_Flow_FINAL_20260901.csv,590,d8b17d32626085038379461bc61051b055ae4974358a11921218b4aafc558cb0
figure_source_audit_public/PUBLIC_Figure_Source_Audit.csv,1557,319611e443c5096aa445aeca84871b0c97d4af70454759e34144e66200bbfe6b
figure_source_audit_public/PUBLIC_Figure_Source_Audit_sessionInfo.txt,1206,15c3b6752515f31c6b67045511fc68e0998d3dca0fdbaa5269391cf040d3b4d7
figures_reproduced_public/Figure_1_Study_Selection_and_Analysis_Architecture_PUBLIC.pdf,46587,937a1b1dcdb54921e90c01ea0a090fa679bd42dc657f5589aa1000b1d1c860c3
figures_reproduced_public/Figure_1_Study_Selection_and_Analysis_Architecture_PUBLIC.tiff,1739340,3991a6423813fa371b90fc9292561fb46783b2267e2e175c450110e0c8da3c5e
figures_reproduced_public/Figure_2_Discovery_and_Meta_Analysis_PUBLIC.pdf,50779,e774ccda770c8435731f91ee102cb1c2d65de3f9da6b1c39546bbe96a22ad5ff
figures_reproduced_public/Figure_2_Discovery_and_Meta_Analysis_PUBLIC.tiff,753836,02eaaf3c9d144183df7d26d15735dd4f8c3c400b2a969bf2c07a21eb362aa27d
figures_reproduced_public/Figure_3_SDI_Development_and_External_Failure_PUBLIC.pdf,49463,36ef54169e62b1522f2b875a715e264dc1a728b54186ee78f187620643558fe0
figures_reproduced_public/Figure_3_SDI_Development_and_External_Failure_PUBLIC.tiff,874114,1379739f83b30551ac66bba439345276d831290cb360495a2ef4159920593d86
figures_reproduced_public/Figure_4_Longitudinal_and_Supportive_Analyses_PUBLIC.pdf,46868,f6360c73810d01b09e9c1219919e1c4a5a333c5416eb1855149bb87cbd77de6d
figures_reproduced_public/Figure_4_Longitudinal_and_Supportive_Analyses_PUBLIC.tiff,778550,e585e6e36ab452a32631725ae9f13a047c11cc1124355419ea2fa981d3f7995f
figures_reproduced_public/PUBLIC_Figure_Reproduction_Manifest.csv,400,f58dba67ff4ec5b7f036a0cd70b026dcd86d9b00ba532d145f419b290a0e368a
figures_reproduced_public/PUBLIC_Figure_Reproduction_sessionInfo.txt,1206,15c3b6752515f31c6b67045511fc68e0998d3dca0fdbaa5269391cf040d3b4d7
preprocessing/01_run_project_dada2.R,26917,25b30300452accab08b8847b1d0969634f32467a4d2ea53e1c9dd6bb3bd09031
preprocessing/02_PRJNA797231_raw_to_final_asv.R,14857,b6dff2e4d192b220ba37a209ff6b0147840deb9b6fa2223520735bdf53983eb8
preprocessing/03_assign_silva1382_taxonomy.R,4084,f2c1afe7b3f3aef6b19771b62b5661b8f7428fa64b85d33801a1cccf7db74f1a
preprocessing/04_build_analysis_ready_from_checkpoints.R,21931,6f21226e3f1d560a2753c0372f58014160ff3a8a68e31052df4545ac218ed75f
publication_ready_tables/21_Results_Number_Summary.csv,730,85ea040c023ab78e57f72283f4290042e08659491178e0facf332088d032ef03
publication_ready_tables/21_Table1_Cohorts.csv,2853,136ccf52d4078290ca4698b64799c39acbde934bd5e883dfdb970836a3568eb1
publication_ready_tables/README_publication_label_normalization.txt,208,8471558ba79a5c30fae803794ca8436f4b1bd4fc8c1df7f79238f0fb0a9b678d
reproduce_manuscript_results.R,4393,3ae6adf828e0dc573783c73b01e67ebf8f1b4cedc9f3f3fe448f833964d46b11
run_raw_preprocessing.R,4714,7a540bd6e719cb3aa0e6657d67a767e8ad17a38a5e2c2c08dcfa83ff3c6c84d4
validation/PUBLIC_RELEASE_CORE_HASH_AUDIT_FINAL.csv,1603,e830722a0cad272fc1cc31c2d49187450ae5602cd9472b5d922c94e9f4f9d2da
validation/PUBLIC_RELEASE_GATE_FINAL.txt,922,004a07a2f3f1766437a264b6a34ffdf406faeb29d331449af3b9242801a15104
validation/PUBLIC_RELEASE_STATIC_SCAN_FINAL.csv,917,cd43f9342e8660ad6f21dc160d5d0c9739f3eb7945fbbe72f2598643ed3c60ea
validation/VERIFIED_REPRODUCTION_STATUS.csv,731,2001cf29cb0bef251aaf6fe05fd25824ff1f24e1d590f1cf440a9775fa0a5800
validation/validate_reproduction.R,6153,5bdb2239d39a75c34349134933cd65774d526a24d57d3ff8f563271030231440
