"Source_Row","Record_Key","Project_ID","Run_ID","BioSample_ID","Patient_ID","Specimen_ID","Sample_Alias","Sample_Type","Phenotype","Control_Type","Primary_Sample_Flag","Timepoint_Raw","Timepoint_Day","Timepoint_Order","Time_Anchor","Intervention","Intervention_Arm","Organ_Dysfunction_Type","Organ_Dysfunction_Status","Analysis_Role","Dataset_Split","Include_Flag","Review_Status","Label_Source","Label_Confidence","Exclusion_Reason","QC_Status","Notes","Source_Sheet","Raw_Final_Depth","Cleaned_Target_Depth","Removed_Reads","Removed_Read_Proportion","Taxonomy_Cleaning_Version","Genus_Data_Version","Freeze_Set","Genus__Fusobacterium|Family__Fusobacteriaceae","Genus__Parabacteroides|Family__Tannerellaceae","Genus__Faecalibacterium|Family__Ruminococcaceae","Genus__Bacteroides|Family__Bacteroidaceae","Genus__Segatella|Family__Prevotellaceae","Genus__UCG-002|Family__Oscillospiraceae","Genus__Megamonas|Family__Selenomonadaceae","Genus__Escherichia-Shigella|Family__Enterobacteriaceae","Genus__Phascolarctobacterium|Family__Acidaminococcaceae","Genus__Hungatella|Family__Lachnospiraceae","Genus__Enterococcus|Family__Enterococcaceae","Genus__Veillonella|Family__Veillonellaceae","Genus__Alistipes|Family__Rikenellaceae","Genus__Blautia|Family__Lachnospiraceae","Genus__Gemmiger|Family__Ruminococcaceae","Genus__Clostridioides|Family__Peptostreptococcaceae","Genus__Intestinibacter|Family__Peptostreptococcaceae","Genus__Anaerobutyricum|Family__Lachnospiraceae","Genus__Bifidobacterium|Family__Bifidobacteriaceae","Genus__Romboutsia|Family__Peptostreptococcaceae","Genus__Subdoligranulum|Family__Ruminococcaceae","Genus__Streptococcus|Family__Streptococcaceae","Genus__Agathobacter|Family__Lachnospiraceae","Genus__Lachnoclostridium|Family__Lachnospiraceae","Genus__Klebsiella|Family__Enterobacteriaceae","Genus__Ruminococcus|Family__Ruminococcaceae","Genus__Barnesiella|Family__Barnesiellaceae","Genus__Lachnospiraceae NK4A136 group|Family__Lachnospiraceae","Genus__Collinsella|Family__Coriobacteriaceae","Genus__Odoribacter|Family__Marinifilaceae","Genus__Dorea|Family__Lachnospiraceae","Genus__[Ruminococcus] gnavus group|Family__Lachnospiraceae","Genus__Eisenbergiella|Family__Lachnospiraceae","Genus__Bilophila|Family__Desulfovibrionaceae","Genus__Roseburia|Family__Lachnospiraceae","Genus__Flavonifractor|Family__Oscillospiraceae","Genus__Coprococcus|Family__Lachnospiraceae","Genus__Christensenellaceae R-7 group|Family__Christensenellaceae","Genus__Ligilactobacillus|Family__Lactobacillaceae","Genus__Negativibacillus|Family__Ruminococcaceae","Genus__Butyricimonas|Family__Marinifilaceae","Genus__Acutalibacter|Family__Ruminococcaceae","Genus__Hydrogenoanaerobacterium|Family__Ruminococcaceae","Genus__Sellimonas|Family__Lachnospiraceae","Genus__Mediterraneibacter|Family__Lachnospiraceae","Genus__Longibaculum|Family__Erysipelatoclostridiaceae","Genus__Enterocloster|Family__Lachnospiraceae","Genus__Family XIII AD3011 group|Family__Anaerovoracaceae","Genus__UCG-005|Family__Oscillospiraceae","Genus__Fusicatenibacter|Family__Lachnospiraceae","Genus__UCG-003|Family__Oscillospiraceae","Genus__Oscillibacter|Family__Oscillospiraceae","Genus__Eubacterium|Family__Eubacteriaceae","Genus__Megasphaera|Family__Veillonellaceae","Genus__[Eubacterium] ventriosum group|Family__Lachnospiraceae","Genus__Butyribacter|Family__Lachnospiraceae","Genus__Pyramidobacter|Family__Synergistaceae","Genus__Lachnospira|Family__Lachnospiraceae","Genus__Parasutterella|Family__Sutterellaceae","Genus__[Eubacterium] brachy group|Family__Anaerovoracaceae","Genus__CAG-56|Family__Lachnospiraceae","Genus__Ruthenibacterium|Family__Ruminococcaceae","Genus__Faecalimonas|Family__Lachnospiraceae","Genus__Faecalitalea|Family__Erysipelotrichaceae","Genus__Porphyromonas|Family__Porphyromonadaceae","Genus__Lachnospiraceae UCG-010|Family__Lachnospiraceae","Genus__Anaerostipes|Family__Lachnospiraceae","Genus__Lachnospiraceae ND3007 group|Family__Lachnospiraceae","Genus__[Eubacterium] eligens group|Family__Lachnospiraceae","Genus__DTU089|Family__Ruminococcaceae","Genus__Acidaminococcus|Family__Acidaminococcaceae","Genus__Paraprevotella|Family__Prevotellaceae","Genus__Intestinimonas|Family__Oscillospiraceae","Genus__Asaccharospora|Family__Peptostreptococcaceae","Genus__Lactobacillus|Family__Lactobacillaceae","Genus__Sutterella|Family__Sutterellaceae","Genus__NK4A214 group|Family__Oscillospiraceae","Genus__[Clostridium] innocuum group|Family__Erysipelotrichaceae","Genus__Colidextribacter|Family__Oscillospiraceae","Genus__Phocea|Family__Ruminococcaceae","Genus__Lachnospiraceae UCG-004|Family__Lachnospiraceae","Genus__Family XIII UCG-001|Family__Anaerovoracaceae","Genus__Butyricicoccus|Family__Butyricicoccaceae","Genus__[Eubacterium] ruminantium group|Family__Lachnospiraceae","Genus__Desulfovibrio|Family__Desulfovibrionaceae","Genus__Corynebacterium|Family__Corynebacteriaceae","Genus__Hoylesella|Family__Prevotellaceae","Genus__Leyella|Family__Prevotellaceae","Genus__Erysipelotrichaceae UCG-003|Family__Erysipelatoclostridiaceae","Genus__Asaccharobacter|Family__Eggerthellaceae","Genus__Anaerotruncus|Family__Ruminococcaceae","Genus__Morganella|Family__Morganellaceae","Genus__Extibacter|Family__Lachnospiraceae","Genus__Clostridium|Family__Clostridiaceae","Genus__Peptococcus|Family__Peptococcaceae","Genus__Eggerthella|Family__Eggerthellaceae","Genus__Parvimonas|Family__Family XI","Genus__CAG-352|Family__Ruminococcaceae","Genus__Monoglobus|Family__Monoglobaceae","Genus__HT002|Family__Lactobacillaceae","Genus__Amedibacillus|Family__Erysipelotrichaceae","Genus__Ezakiella|Family__Family XI","Genus__Proteus|Family__Morganellaceae","Genus__Fenollaria|Family__Family XI","Genus__Limosilactobacillus|Family__Lactobacillaceae","Genus__Peptostreptococcus|Family__Peptostreptococcaceae","Genus__Thomasclavelia|Family__Erysipelatoclostridiaceae","Genus__Schaalia|Family__Actinomycetaceae","Genus__Absiella|Family__Erysipelotrichaceae","Genus__Lactococcus|Family__Streptococcaceae","Genus__Agathobaculum|Family__Butyricicoccaceae","Genus__Coprobacillus|Family__Erysipelatoclostridiaceae","Genus__Marvinbryantia|Family__Lachnospiraceae","Genus__Slackia|Family__Eggerthellaceae","Genus__Raoultella|Family__Enterobacteriaceae","Genus__[Eubacterium] siraeum group|Family__Ruminococcaceae","Genus__Paludicola|Family__Ruminococcaceae","Genus__Shuttleworthia|Family__Lachnospiraceae","Genus__Allisonella|Family__Veillonellaceae","Genus__Gardnerella|Family__Bifidobacteriaceae","Genus__[Ruminococcus] gauvreauii group|Family__Lachnospiraceae","Genus__Prevotella|Family__Prevotellaceae","Genus__Anaerotignum|Family__Lachnospiraceae","Genus__UCG-009|Family__Butyricicoccaceae","Genus__Akkermansia|Family__Akkermansiaceae","Genus__Synergistes|Family__Synergistaceae","Genus__Oxalobacter|Family__Oxalobacteraceae","Genus__Campylobacter|Family__Campylobacteraceae","Genus__Dialister|Family__Veillonellaceae","Genus__S5-A14a|Family__Anaerovoracaceae","Genus__Christensenella|Family__Christensenellaceae","Genus__Granulicatella|Family__Carnobacteriaceae","Genus__Faecalicatena|Family__Lachnospiraceae","Genus__Turicibacter|Family__Erysipelotrichaceae","Genus__Peptoniphilus|Family__Family XI","Genus__Haemophilus|Family__Pasteurellaceae","Genus__Criibacterium|Family__Peptostreptococcaceae","Genus__Dielma|Family__Erysipelotrichaceae","Genus__Holdemania|Family__Erysipelotrichaceae","Genus__Gordonibacter|Family__Eggerthellaceae","Genus__Staphylococcus|Family__Staphylococcaceae","Genus__Raoultibacter|Family__Coriobacteriales Incertae Sedis","Genus__Anaerococcus|Family__Family XI","Genus__Candidatus Soleaferrea|Family__Ruminococcaceae","Genus__Acetanaerobacterium|Family__Ethanoligenenaceae","Genus__Caproiciproducens|Family__Ruminococcaceae","Genus__Enteroscipio|Family__Eggerthellaceae","Genus__Gemella|Family__Gemellaceae","Genus__Defluviitaleaceae UCG-011|Family__Defluviitaleaceae","Genus__Brucella|Family__Rhizobiaceae","Genus__Gabonibacter|Family__Marinifilaceae","Genus__Citrobacter|Family__Enterobacteriaceae","Genus__[Eubacterium] oxidoreducens group|Family__Lachnospiraceae","Genus__Mixta|Family__Erwiniaceae","Genus__Fournierella|Family__Ruminococcaceae","Genus__Cloacibacillus|Family__Synergistaceae","Genus__Methanobrevibacter|Family__Methanobacteriaceae","Genus__Enterobacter|Family__Enterobacteriaceae","Genus__Lachnospiraceae UCG-008|Family__Lachnospiraceae","Genus__Rothia|Family__Micrococcaceae","Genus__Weissella|Family__Lactobacillaceae","Genus__Brachyspira|Family__Brachyspiraceae","Genus__Mailhella|Family__Desulfovibrionaceae","Genus__Anaerofilum|Family__Ruminococcaceae","Genus__Samsonia|Family__Yersiniaceae","Genus__Lachnospiraceae FCS020 group|Family__Lachnospiraceae","Genus__Succinatimonas|Family__Succinivibrionaceae","Genus__Leifsonia|Family__Microbacteriaceae","Genus__Anaerofustis|Family__Anaerofustaceae","Genus__[Clostridium] methylpentosum group|Family__Ruminococcaceae","Genus__Anaeroglobus|Family__Veillonellaceae","Genus__Senegalimassilia|Family__Eggerthellaceae","Genus__[Enterobacter]|Family__Morganellaceae","Genus__Terrisporobacter|Family__Peptostreptococcaceae","Genus__Pseudoprevotella|Family__Prevotellaceae","Genus__Agrobacterium|Family__Rhizobiaceae","Genus__Aquamonas|Family__Enterobacteriaceae","Genus__Muricomes|Family__Lachnospiraceae","Genus__Hephaestia|Family__Sphingomonadaceae","Genus__Leuconostoc|Family__Lactobacillaceae","Genus__Desulfobaculum|Family__Desulfovibrionaceae","Genus__Actinomyces|Family__Actinomycetaceae","Genus__Pseudoscardovia|Family__Bifidobacteriaceae","Genus__Selenomonas|Family__Selenomonadaceae","Genus__Kineothrix|Family__Lachnospiraceae","Genus__Elizabethkingia|Family__Weeksellaceae","Genus__Microbacterium|Family__Microbacteriaceae","Genus__Cuneatibacter|Family__Lachnospiraceae","Genus__Aliihoeflea|Family__Rhizobiaceae","Genus__Lachnospiraceae NC2004 group|Family__Lachnospiraceae","Genus__Enorma|Family__Coriobacteriaceae","Genus__Lachnobacterium|Family__Lachnospiraceae","Genus__Acinetobacter|Family__Moraxellaceae","Genus__Fretibacterium|Family__Synergistaceae","Genus__Lentilactobacillus|Family__Lactobacillaceae","Genus__Murdochiella|Family__Family XI","Genus__Negativicoccus|Family__Veillonellaceae","Genus__Hornefia|Family__Anaerovoracaceae","Genus__Murimonas|Family__Lachnospiraceae","Genus__Lacticaseibacillus|Family__Lactobacillaceae","Genus__Scardovia|Family__Bifidobacteriaceae"
2426,"PRJNA978257|SRR24785362","PRJNA978257","SRR24785362","SAMN35548074","PRJNA978257_CTRL04","PRJNA978257_control_4","control 4","Stool","Healthy_control","Healthy","Yes",NA,NA,1,"Unresolved","None",NA,NA,NA,"Core_case_control","Development","Include","Confirmed","API + paper","High",NA,"PASS","Small independent case-control cohort included in development meta-analysis.","Core_Case_Control",24083,24083,0,0,"uniform_target_Bacteria_Archaea_v1","original","Project_Final_Nonzero",0,0.00913507453390358,0.110949632520865,0.427646057384877,0,0.0117510276958851,0.0946310675580285,0,0.00593779844703733,0,0,0,0.079018394718266,0.0263256238840676,0.00344641448324544,0,0.000249138396379189,0.0189345181248183,0.00701739816468048,0.00303118382261346,0,0.000207615330315991,0.0176473030768592,0.00373707594568783,0.00485819872939418,0.021591994352863,0.0111697047710003,0.00955030519453556,0.00498276792758377,0.00278204542623427,0.00286509155836067,0,0,0,0.00838765934476602,0,0.0088444130714612,0.000249138396379189,0,0,0.00685130590042769,0.00174396877465432,0,0,0.00116264584976955,0,0.00137026118008554,0.00120416891583275,0,0.00502429099364697,0.00851222854295561,0.000913507453390358,0,0,0.0042768758045094,0,0,0.00394469127600382,0,0.00166092264252792,0,0.000415230660631981,0,0,0.000124569198189594,0.00382012207781423,0.00269899929410788,0.00543952165427895,0.00120416891583275,0,0.000332184528505585,0,0,0,0,0.00415230660631981,0.00842918241082922,0,0,0,0.00112112278370635,0.000539799858821575,0,0,0,0,0,0,0.00348793754930864,0,0.000415230660631981,0,0,0.000373707594568783,0,0,0,0.00232529169953909,0.00137026118008554,0,0,0,0,0,0,0,0,0.000124569198189594,0,0.00191006103890711,0.00149483037827513,0,0,0,0,0,0,0,0.00128721504795914,0,0.00116264584976955,0,0,0.00116264584976955,0,0,0,0,0.00107959971764315,0,0,0,0,0,0,0,0,0,0,0,0,0.000622845990947972,0,0,0,0,0,0,0,0,0,0,0.000124569198189594,0,0,0,0,0.000249138396379189,0.000124569198189594,0,0,0,0,0.000207615330315991,0.000207615330315991,0,0,0,0,0,0,0,0,0,0,0,0,0,0,0,0,0,0,0,0,0,0,8.30461321263962e-05,8.30461321263962e-05,0,0,0,0,0,0,0,0,0,0,0,0
2427,"PRJNA978257|SRR24785363","PRJNA978257","SRR24785363","SAMN35548073","PRJNA978257_CTRL03","PRJNA978257_control_3","control 3","Stool","Healthy_control","Healthy","Yes",NA,NA,1,"Unresolved","None",NA,NA,NA,"Core_case_control","Development","Include","Confirmed","API + paper","High",NA,"PASS","Small independent case-control cohort included in development meta-analysis.","Core_Case_Control",22691,22691,0,0,"uniform_target_Bacteria_Archaea_v1","original","Project_Final_Nonzero",0,0.00612577673967652,0.0720549997796483,0.185227623286766,0.361553038649685,0.0161738134061963,0.00484773698823322,0,0.0168348684500463,0,0,0,0.0497994799700322,0.00956326296769644,0,0,0.000308492353796659,0.00361376757304658,0.000352562690053325,0,0,0,0.0196112996342162,0.00374597858181658,0.106253580714821,0.00101361773390331,0,0,0,0.00559693270459654,0.0125600458331497,0,0,0,0.012251553479353,0.000352562690053325,0.00568507337710987,0,0,0,0.00401040059935657,0.000132211008769997,0,0,0.00502401833325988,0,0.00229165748534661,0,0.000749195716363316,0.00392225992684324,0.00612577673967652,0.00237979815785994,0,0,0.00387818959058658,0,0.000220351681283328,0.00475959631571989,0,8.81406725133313e-05,0.00255607950288661,0,0,0,0,0.00220351681283328,0.000793266052619981,0.0014102507602133,0,0,0,0,0.000176281345026663,0,0,0.0333612445462959,0.00180688378652329,0,0.00136618042395663,0,0.000308492353796659,0.000396633026309991,0,0,0,0,0,0,0.000881406725133313,0,0,0,0,0,0,0,0,0.00193909479529329,0.00339341589176325,0,0,0,0,0,0,0,0,0,0,0,0.00290864219293993,0,0,0,0,0,0,0,0,0,0,0,0,0.000440703362566656,0,0,0.000220351681283328,0,0,0,0,0,0,0,0,0,0,0,0,0,0,0,0,0,0,0,0,0,0,0,0,0,0,0,0,0,0,0,0,0,0,0,0,0,0,0.000220351681283328,0.000220351681283328,0,0,0,0,0,0,0,0,0,0,8.81406725133313e-05,0,0,0,0,0,0,0,0,0,0,0,8.81406725133313e-05,8.81406725133313e-05,0.000176281345026663,0,0,0,0,0,0,0,0,0
2428,"PRJNA978257|SRR24785364","PRJNA978257","SRR24785364","SAMN35548072","PRJNA978257_CTRL02","PRJNA978257_control_2","control 2","Stool","Healthy_control","Healthy","Yes",NA,NA,1,"Unresolved","None",NA,NA,NA,"Core_case_control","Development","Include","Confirmed","API + paper","High",NA,"PASS","Small independent case-control cohort included in development meta-analysis.","Core_Case_Control",26661,26659,2,7.50159408874386e-05,"uniform_target_Bacteria_Archaea_v1","original","Project_Final_Nonzero",0.00161296372707153,0.0382234892531603,0.0555159608387411,0.168873551145954,0.326306313065006,0.00840241569451217,0.0423871863160659,0.00753966765445065,0.00555159608387411,0.000825237255711017,0.00603923628043062,0.00138789902096853,0.0365355039573877,0.00600172549608012,0.00255073333583405,0,0,0.00356352451329757,0.000787726471360516,0.000637683333958513,0,0.0235567725721145,0.074458906935744,0.0048013803968641,0,0.00543906373082261,0,0.00142540980531903,0.00105030196181402,0.00311339510109156,0.00367605686634908,0.00123785588356653,0,0.00742713530139915,0.0151543568776023,0.00165047451142203,0.0097528039311302,0.000675194118309014,0.00450129412206009,0,0.00874001275366668,0.000225064706103005,0,0,0.0048764019655651,0,0.00333845980719457,0.00176300686447354,0.00112532353051502,0.00300086274804006,0.00345099216024607,0.00375107843505008,0,0.00318841666979257,0.00427622941595709,0,0,0.00311339510109156,0.000375107843505008,0,0.000937769608762519,0,0,0,0,0.00596421471172962,0.000750215687010015,0.000450129412206009,0,0,0.00405116470985408,0.00828988334146067,0,0,0,0.0159795941333133,0.00138789902096853,0.000112532353051502,0.000637683333958513,0.000112532353051502,0.00123785588356653,0,0,0.0049139127499156,0,0,0,0.023069132375558,0.00097528039311302,7.50215687010015e-05,0,0,0,0,0,0,0,0,0.000562661765257512,0,0,0,0,0,0.000637683333958513,0,0,0,0,0,0.00105030196181402,0,0,0,0,0,0,0,0.000112532353051502,0,0.00127536666791703,0,0,0,0.00105030196181402,0,0,0,0,0,0,0,0,0,0,0.000337597059154507,0,0,0,0,0,0,0,0,0,0,0,0,0,0,0.000337597059154507,0,0,0.000300086274804006,0,0.000262575490453505,0,0,0,0,0,0,0,0,0,0,0,0,0,0,0,0.000150043137402003,0,0,0,0,0.000112532353051502,0,0,0,0,0,0,0,0,0,0,0,0,0,0,0,7.50215687010015e-05,0,0,0,0,0,0,0,0
2429,"PRJNA978257|SRR24785365","PRJNA978257","SRR24785365","SAMN35548071","PRJNA978257_CTRL01","PRJNA978257_control_1","control 1","Stool","Healthy_control","Healthy","Yes",NA,NA,1,"Unresolved","None",NA,NA,NA,"Core_case_control","Development","Include","Confirmed","API + paper","High",NA,"PASS","Small independent case-control cohort included in development meta-analysis.","Core_Case_Control",38499,38499,0,0,"uniform_target_Bacteria_Archaea_v1","original","Project_Final_Nonzero",0.684017766695239,0.00220784955453388,0,0.127691628353983,0,0,0,0.00329878698148004,0.061560040520533,0,0,0,0.000675342216680953,0.00748071378477363,0,0,0,0.00238967245902491,0,0.00485726901997454,0,0.00122081093015403,0,0.0107795007662537,0,0.000571443414114652,0,0,0.000805215719888828,0,0.00664952336424323,0.00420790150393517,0,0.00475337021740824,0.00376633159302839,0,0.000545468713473077,0,0,0,0,0,0,0,0.00451959791163407,0,0.00296111587313956,0,0,0,0,0,0,0,0.00111691212758773,0,0,0,0.0239226992908907,0,0.00275331826800696,0,0.00267539416608224,0,0,0.000363645808982051,0.00254552066287436,0,0,0,0,0.0119483622951245,0,0,0,0,0,0,0.000181822904491026,0,0.00371438219174524,0,0,0,0,0,0,0,0,0,0,0.00337671108340476,0,0,0,0,0,0,0,0,0,0,0.00238967245902491,0,0,0,0.000233772305774176,0,0,0,0.00342866048468791,0,0,0,0,0,0,0,0,0,0,0,0.000155848203849451,0,0,0,0,0,0,0,0,0.000415595210265202,0,0.000129873503207876,0,0,0,0,0,0,0,0,0,0,0,0,0,0,0,0,0,0.000233772305774176,0,0,0,0,0,0,0.000155848203849451,7.79241019247253e-05,0,0,0,0,0,0,0,0,0,0,0,0,0.0001038988025663,0,0,0,0,0,0,0,0,0,0,0,0,0,0,0,0,0,0,0,0,5.19494012831502e-05,0,0,0,0,0,0,0
2430,"PRJNA978257|SRR24785366","PRJNA978257","SRR24785366","SAMN35548070","PRJNA978257_CASE06","PRJNA978257_Case_6","Case 6","Stool","Sepsis",NA,"Yes",NA,NA,1,"Unresolved","None",NA,NA,NA,"Core_case_control","Development","Include","Confirmed","API + paper","High",NA,"PASS","Small independent case-control cohort included in development meta-analysis.","Core_Case_Control",40329,40329,0,0,"uniform_target_Bacteria_Archaea_v1","original","Project_Final_Nonzero",0.00409134865729376,0.00617421706464331,0.154281038458677,0.277839767908949,0,0,0,0.16350516997694,0.0182250985643086,0.000867861836395646,0.033722631357088,0.0605271640754792,0.0373676510699497,0.0392273550050832,0.0310942497954326,0,0.0303255721689107,0,0.00265317761412383,0.00354583550298792,0.0108854670336482,0.00277715787646607,0,0.00471124996900493,0,0,0,0.000991842098737881,0,0,0.0024796052468447,0.0020580723548811,0,0,0,0.0198864340796945,0.00805871705224528,0,0.00116541446601701,0,0.0062734012745171,0.00111582236108012,0,0,0.0320860918941705,0,0.00428971707704134,0,0,0,0,0,0.000545513154305834,0,0,0,0.00133898683329614,0,0.0106623025614322,0,0,0,0.00101663815120633,0,0,0.00223164472216023,0.00607503285476952,0.00208286840734955,0,0,0,0,0,0.00230603287956557,0,0,0,0,0.00198368419747576,0.00181011183019663,4.9592104936894e-05,0,0,0,0,0.000173572367279129,0,0,0,0,0,0,0,0.000446328944432046,0,0.00158694735798061,0,0,0,0,7.43881574053411e-05,0,0,0,0.000421532891963599,0,0.00024796052468447,0.000446328944432046,0,9.91842098737881e-05,0.00188449998760197,4.9592104936894e-05,0,0,0,0,0,0,0,0,0,0,0,0,0,0,0,0,0,0,0,0,0,0,0,0.000471124996900493,0,0,0,0,0,0,0,0,0,0,0,0.000272756577152917,0,0,0,0,0,0.000123980262342235,0,0,0,0,0,0.000148776314810682,0,0,0,0,0,0,0,0,0,0,0,0,0,0,0,0,0,0.000198368419747576,7.43881574053411e-05,0,0,0,0,0,0,0,0,0,0,0,0,0,0,0,0,0,0,0,0,0,0
2431,"PRJNA978257|SRR24785367","PRJNA978257","SRR24785367","SAMN35548069","PRJNA978257_CASE05","PRJNA978257_Case_5","Case 5","Stool","Sepsis",NA,"Yes",NA,NA,1,"Unresolved","None",NA,NA,NA,"Core_case_control","Development","Include","Confirmed","API + paper","High",NA,"PASS","Small independent case-control cohort included in development meta-analysis.","Core_Case_Control",32280,32280,0,0,"uniform_target_Bacteria_Archaea_v1","original","Project_Final_Nonzero",0,0.165923172242875,0.00830235439900867,0.049814126394052,0,0.00573110285006196,0,0.219640644361834,0.0112453531598513,0.00080545229244114,0.0579615861214374,0,0.0651177199504337,0.0264869888475836,0.00452292441140025,0.0241945477075589,0.00278810408921933,0.00477075588599752,0.00963444857496902,0,0.000681536555142503,0.00365551425030979,0.0276022304832714,0.00582403965303594,0.00619578686493185,0.0122366790582404,0,0,0.0107806691449814,0.00133209417596035,0.00257125154894672,0.00724907063197026,0.0232342007434944,0.00117719950433705,0.00607187112763321,0.0344485749690211,0,0,0,0.00752788104089219,0.0106257744733581,0.0065365551425031,0,0.00855018587360595,0.0340768277571252,0.000867410161090458,0.00281908302354399,0.000743494423791822,0.00492565055762082,0,0,0.00740396530359356,0,0,0,0,0,0.00232342007434944,0.00272614622057001,0.00232342007434944,0,0.0198265179677819,0.00127013630731103,0.0031908302354399,0,0.000650557620817844,0.00223048327137546,0,0.0015179677819083,0.00040272614622057,0,0,0.00892193308550186,0.00269516728624535,0.000619578686493185,0.00672242874845105,0.00260223048327138,0.00563816604708798,0.00346964064436183,0,0,0,0,0,0.00650557620817844,0,0.000216852540272615,0,0,0.000371747211895911,0.0016728624535316,0,0,0,0,0.00204460966542751,0,0,0.00170384138785626,0,0,0,0,0,0,0,0.000216852540272615,0,0.00120817843866171,0,0.000464684014869888,0.00142503097893432,0,0,0,0.00210656753407683,0,0.00130111524163569,0,0,0,0,0.000898389095415118,0.000340768277571252,0,0,0,0,0.000309789343246592,0,0.000588599752168525,0,0,0,0,0,0,0.000278810408921933,0.000216852540272615,0,0,0,0,6.19578686493185e-05,0.00040272614622057,0,0,0,0,9.29368029739777e-05,0,0,0,0.000154894671623296,0,0,0,0,6.19578686493185e-05,0,0,0,0,0,0,0,0,0.000154894671623296,0.000154894671623296,0,0,0,0,0,0,0,6.19578686493185e-05,0,0,0,0,0,0,0,0,0,0,0,0,0,0,6.19578686493185e-05,0,0,0,0,0,0,0,0,0
2432,"PRJNA978257|SRR24785368","PRJNA978257","SRR24785368","SAMN35548068","PRJNA978257_CASE04","PRJNA978257_Case_4","Case 4","Stool","Sepsis",NA,"Yes",NA,NA,1,"Unresolved","None",NA,NA,NA,"Core_case_control","Development","Include","Confirmed","API + paper","High",NA,"PASS","Small independent case-control cohort included in development meta-analysis.","Core_Case_Control",26222,26222,0,0,"uniform_target_Bacteria_Archaea_v1","original","Project_Final_Nonzero",0.071199755930135,0.0252459766608192,0.466478529479063,0.175844710548394,0,0,0,0.00987720234917245,0.035313858592022,0.0061017466249714,0.00713141636793532,0.000495766913278926,0.00728396003355961,0.00163984440546106,0,0,0.00373731980779498,0,0.00564411562809854,0,7.62718328121425e-05,0.00221188315155213,0,0.00858058119136603,0,0,0,0,7.62718328121425e-05,0,0,0.00388986347341927,0,0.00572038746091069,0,0.00797040652886889,0.00518648463122569,0,0,0,0.0050339409656014,0.00102966974296392,0,0,0.0139577454046221,0,0.00621615437418961,0,0,0,0,0.0126992601632217,0.00438563038669819,0.000228815498436427,0,0,0,0,0.0236061322553581,0,0,0.000533902829684997,0.000724582411715354,0,0.00106780565936999,0.00415681488826177,0.00106780565936999,0.00247883456639463,0,0,0,0,0,0.000152543665624285,0,0.0130806193272824,0,0.00350850430935855,0.0137670658225917,0.0030508733124857,0,0,0,0,0,0,0.000228815498436427,0,0,0,0,0,0,0.00316528106170391,0,0.000991533826557852,0,0,0,0,0,0.000457630996872855,0,0,0,0,0.00114407749218214,0,0,0,0.00148730073983678,0.000457630996872855,0,0,0,0,0,0,0,0,0,0.00247883456639463,0,0,0,0,0,0,7.62718328121425e-05,0,0,0,0,0,0.000114407749218214,0,0,0,0,0,0,0,0,0,0,0,0,0,0,0,0,0,7.62718328121425e-05,0.000114407749218214,0,0,0,0,0,0,0.000228815498436427,0,0,0,0,0,0,0,0,0,0,0,0,0,0,0,0,0,0,0.000114407749218214,0,0,0,0,0,0,0,0,0,0,0,0,0,0,7.62718328121425e-05,0,0,0,0,0,0
2433,"PRJNA978257|SRR24785369","PRJNA978257","SRR24785369","SAMN35548067","PRJNA978257_CASE03","PRJNA978257_Case_3","Case 3","Stool","Sepsis",NA,"Yes",NA,NA,1,"Unresolved","None",NA,NA,NA,"Core_case_control","Development","Include","Confirmed","API + paper","High",NA,"PASS","Small independent case-control cohort included in development meta-analysis.","Core_Case_Control",36801,36785,16,0.000434770794271895,"uniform_target_Bacteria_Archaea_v1","original","Project_Final_Nonzero",0.00160391463911921,0.0708984640478456,0.00111458474921843,0.103955416610031,0,0.301862172081011,0,0.0192469756694305,0.0137827918988718,0.00704091341579448,0,0.0014951746635857,0.055185537583254,0.0104118526573332,0.00394182411308957,0,0.000652439853201033,0.0106837025961669,0,0.00271849938833764,0.00168546962076934,0.0145439717276064,0,0.0019573195596031,0,0.0118798423270355,0.0281908386570613,0,0.0429794753296181,0.00432241402745684,0.00377871414978932,0,0.00135924969416882,0.0034524942231888,0.00462144896017398,0.000163109963300258,0.00100584477368493,0.0089710479815142,0.00959630284083186,0.00190294957183635,0.0224276199537855,0.00358841919260568,0.00369715916813919,0,0.0171809161342939,0,0.00122332472475194,0.00657876851977708,0.0118254723392687,0.0028816093516379,0.000326219926600517,0,0.000462144896017398,0,0.000407774908250646,0.0029903493271714,0.0272665488650265,0,0.000326219926600517,0.00788364822617915,0,0.00674187848307734,0,0,0.00924289792034797,0.000434959902134022,0.00100584477368493,0,0.00399619410085633,0,0,0,0,0,0.00443115400299035,0.00111458474921843,0.00141361968193557,0.00106021476145168,0.000761179828734539,0,0.000163109963300258,0.00399619410085633,0,0,0.0152235965746908,0,0.00328938425988854,0.0058719586788093,0.000462144896017398,0.000733994834851162,0.00059806986543428,0,0.00184857958406959,0.00293597933940465,0.00421367405192334,0,0.00179420959630284,0,0,0,0.00141361968193557,0.00141361968193557,0,0.000326219926600517,0.000462144896017398,0.00130487970640207,0.00127769471251869,0.00127769471251869,0,0,0.000462144896017398,0.00106021476145168,0.00125050971863531,0.00386026913143945,0,0,0.00263694440668751,0,0,0,0,0.000570884871550904,0,0,0,0.0034524942231888,0.000733994834851162,0.000733994834851162,0.000706809840967786,0.00100584477368493,0.000570884871550904,0,0.00059806986543428,0.000543699877667528,0.00108739975533506,0.000407774908250646,0.000516514883784151,0.000462144896017398,0.000434959902134022,0,0,0,0.000570884871550904,0.00059806986543428,0.000190294957183635,0.000326219926600517,0,0,0.00029903493271714,0,0,0,0,0.000163109963300258,0.000217479951067011,0,0.000190294957183635,0,0.000108739975533506,0,0,0.000163109963300258,0.000163109963300258,0,0,0,0,0,0,0,0,0,0,0.000108739975533506,0.000108739975533506,0,0,0,0,0,8.15549816501291e-05,0,0,0,0,0,0,0,0,0,0,0,0,0,0,5.43699877667528e-05,0,0,2.71849938833764e-05,2.71849938833764e-05,0
2434,"PRJNA978257|SRR24785370","PRJNA978257","SRR24785370","SAMN35548077","PRJNA978257_CTRL07","PRJNA978257_control_7","control 7","Stool","Healthy_control","Healthy","Yes",NA,NA,1,"Unresolved","None",NA,NA,NA,"Core_case_control","Development","Include","Confirmed","API + paper","High",NA,"PASS","Small independent case-control cohort included in development meta-analysis.","Core_Case_Control",32799,32799,0,0,"uniform_target_Bacteria_Archaea_v1","original","Project_Final_Nonzero",0.00673801030519223,0.00609774688252691,0,0.314674227872801,0,0.0213726028232568,0,0.00350620445745297,0.0295435836458429,0.18354218116406,0,0,0.00905515412055246,0.0517088935638282,0,0,0.00237812128418549,0.0106100795755968,0.0695448031952194,0.00350620445745297,0,0.012347937437117,0.00243909875301076,0.00478673130278362,0.00375011433275405,0.007591694868746,0,0,0.00466477636513308,0.00143297051739382,0.00271349736272447,0,0.0658861550657032,0.00484770877160889,0.00198176773682124,0,0.000640263422665325,0,0.00463428763072045,0.00375011433275405,0.0188725266014208,0.00262203115948657,0,0,0.00631116802341535,0.00393304673922985,0.00280496356596238,0.00131101557974328,0.00920759779261563,0,0,0.00207323394005915,0.00131101557974328,0,0.000487819750602152,0,0.00237812128418549,0.000243909875301076,0,0.000518308485014787,0,0.00243909875301076,0.0033537607853898,0,0.00237812128418549,0.00317082837891399,0.000243909875301076,0,0,0.000121954937650538,0,0,0.00121954937650538,0,0,0,0.00137199304856855,0.00125003811091802,0.0017683465959328,0,0.000243909875301076,0.000243909875301076,0,0,0.0242385438580445,0,0.00493917497484679,0,0,0.00219518887770969,0.00277447483154974,0,0,0,0,0.00381109180157932,0,0,0,0,0,0,0,0.00149394798621909,0.000609774688252691,0,0.00100612823561694,0.000823195829141132,0,0,0,0.000853684563553767,0,0,0,0,0,0,0,0.00121954937650538,0,0.00149394798621909,0,0,0.000213421140888442,0,0.00143297051739382,0,0.00094515076679167,0,0.000731729625903229,0,0,0,0,0,0,0,0.000426842281776883,0.000457331016189518,0,0,9.14662032379036e-05,0.000152443672063173,0,0,6.09774688252691e-05,9.14662032379036e-05,0,0,0,0,0.000274398609713711,0,0,0,0,0,0.000121954937650538,0.000121954937650538,0,0,0,0,0,0,0,0,0,0.000152443672063173,0.000152443672063173,0,0,0,0,0.000121954937650538,0,0,0,0,0,9.14662032379036e-05,9.14662032379036e-05,0,0,0,0,0,0,0,0,0,0,0,0,0,6.09774688252691e-05,6.09774688252691e-05,0,0,3.04887344126345e-05
2435,"PRJNA978257|SRR24785371","PRJNA978257","SRR24785371","SAMN35548076","PRJNA978257_CTRL06","PRJNA978257_control_6","control 6","Stool","Healthy_control","Healthy","Yes",NA,NA,1,"Unresolved","None",NA,NA,NA,"Core_case_control","Development","Include","Confirmed","API + paper","High",NA,"PASS","Small independent case-control cohort included in development meta-analysis.","Core_Case_Control",24344,24344,0,0,"uniform_target_Bacteria_Archaea_v1","original","Project_Final_Nonzero",0.00554551429510352,0.0186493591850148,0,0.486813999342754,0,0,0.245604666447585,0.00156095957936247,0.0184028918830102,0.000944791324350969,0,0.00517581334209662,0.00349162011173184,0.00792803154781466,0.000534012487676635,0,0.000739401906013802,0.00505257969109432,0.00669569503779165,0,0,0.00267006243838317,0,0.00739401906013802,0,0,0,0,0.00575090371344068,0,0,0.00686000657246139,0,0.00340946434439698,0,0.00197173841603681,0,0,0.00542228064410122,0,0,0,0,0,0.00172527111403221,0,0.0168008544199803,0,0,0,0,0.000492934604009201,0,0.035162668419323,0,0,0,0.00743509694380546,0,0,0,0,0.00102694709168584,0,0,0.00115018074268814,0.00172527111403221,0,0,0,0,0,0,0,0.00230036148537627,0.0628080841275058,0,0,0,0,0.00665461715412422,0,0.00262898455471574,0,0,0,0,0,0,0,0,0,0.00936575747617483,0,0,0.00168419323036477,0,0,0,0.00225928360170884,0,0,0,0,0.000410778836674335,0,0.000164311534669734,0.000246467302004601,0.00193066053236937,0,0.000451856720341768,0,0,0,0,0,0,0,0.00168419323036477,0,0,0,0,0,0,0,0,0,0,0,0,0,0,0,0,0,0,0,0,0,0,0,0,0,0,0,0,0,0,0,0,0,0,0,0,0,0,0,0,0,0,0,0,0,0,0,0,0,0,0,0,0,0,0,0,0,0,0,0,0,0,0,0,0.0001232336510023,0.0001232336510023,0,0,0,0,0,0,0,0,0,0,0,0,0,0,0,0
2436,"PRJNA978257|SRR24785372","PRJNA978257","SRR24785372","SAMN35548075","PRJNA978257_CTRL05","PRJNA978257_control_5","control 5","Stool","Healthy_control","Healthy","Yes",NA,NA,1,"Unresolved","None",NA,NA,NA,"Core_case_control","Development","Include","Confirmed","API + paper","High",NA,"PASS","Small independent case-control cohort included in development meta-analysis.","Core_Case_Control",30976,30976,0,0,"uniform_target_Bacteria_Archaea_v1","original","Project_Final_Nonzero",0,0.0157218491735537,0,0.6171875,0,0,0,0.0857438016528926,0,0,0.00248579545454545,0.156540547520661,0,0.00216296487603306,0,0.0107502582644628,0,0,0.0559142561983471,0.00497159090909091,0,0.00497159090909091,0,0,0.00125903925619835,0,0,0,0,0,0,0.00845816115702479,0,0,0,0.00225981404958678,0,0,0,0,0,0,0,0,0,0,0,0,0,0,0,0,0,0,0,0,0,0.00277634297520661,0.00845816115702479,0,0,0,0,0,0,0,0,0,0,0,0,0,0,0.0017110020661157,0,0,0,0.00477789256198347,0,0,0,0,0,0,0,0,0,0,0,0,0,0,0,0.000193698347107438,0,0.000387396694214876,0,0,0,0,0,0,0,0,0.00158186983471074,0,0.000645661157024793,0,0,0,0,0,0,0,0.00419679752066116,0,0,0,0,0,0,0,0,0,0,0,0,0,0,0,0,0,0,0,0,0,0,0,0,0,0,0,0,0,0,0,0,0,0,0,0,0,0,0,0,0,0,0.000161415289256198,0,0,0,0,0,0,0,0,0,0,0,0,0,0,0,0,0,0,0,0,0,0,0,0,0,9.6849173553719e-05,0,0,0,0,0,0,0,0,0,0,0,0,0,0,0,0,0
2437,"PRJNA978257|SRR24785373","PRJNA978257","SRR24785373","SAMN35548066","PRJNA978257_CASE02","PRJNA978257_Case_2","Case 2","Stool","Sepsis",NA,"Yes",NA,NA,1,"Unresolved","None",NA,NA,NA,"Core_case_control","Development","Include","Confirmed","API + paper","High",NA,"PASS","Small independent case-control cohort included in development meta-analysis.","Core_Case_Control",50154,50154,0,0,"uniform_target_Bacteria_Archaea_v1","original","Project_Final_Nonzero",0,9.96929457271603e-05,0,0.000119631534872592,0,0,0,0,0,0,0.0812298121784902,0,0.000119631534872592,0.000717789209235554,0.00815488296048172,0,0,0.0122223551461499,0,0.000319017426326913,0.00984966303784344,0.00354906886788691,0,0.000119631534872592,0.00344937592215975,0,0,0,0,0,0,0,0,0.000279140248036049,0,1.99385891454321e-05,0,0,0.00430673525541333,0,0,0.0137376879212027,0,0.00275152530206963,0,0,0,3.98771782908641e-05,0,0.000239263069745185,0,0,0,0,0,0,0,0,0,0,0,0,0,0,0,0,0,0,0,0.00189416596881605,0,0,0,0,0.000279140248036049,0,0,0,9.96929457271603e-05,0,0,0,0.0145152928978745,0,0,0.00807512860389999,0,0,0,0,0,0,0,0.000518403317781234,0,0,0,0,0,0.000358894604617777,0,0,0,0,0.000917175100689875,0,0,0,0,0,0,0,0,0,0,0,0,0,0,0,0,0,0,0,0,0,0,0,0,0,0,0,0,0,0,0,0,0,0,0.000319017426326913,0,0,0,0,0,0,0.000239263069745185,0,0,0.000219324480599753,0,0,0,0,0,0,0,0,0,0,0,0,0,0,0,0,0,0,0,0,0,0,0,0,0,0,0,0,0,0,0,0,0,0,0,5.98157674362962e-05,0,0,0,0,0,0,0,0,0,0,0,0,0,0,0
2438,"PRJNA978257|SRR24785374","PRJNA978257","SRR24785374","SAMN35548065","PRJNA978257_CASE01","PRJNA978257_Case_1","Case 1","Stool","Sepsis",NA,"Yes",NA,NA,1,"Unresolved","None",NA,NA,NA,"Core_case_control","Development","Include","Confirmed","API + paper","High",NA,"PASS","Small independent case-control cohort included in development meta-analysis.","Core_Case_Control",32084,32084,0,0,"uniform_target_Bacteria_Archaea_v1","original","Project_Final_Nonzero",0,0.530607156214936,0,0.296534097992769,0,0,0,0.0414848522628101,0.0014025682583219,0.00165191372646802,0.00321032290238125,0,0.00504924572995886,0.00638947762124423,0,0.0484041890038649,0,0,0,0,0,0.0034285001870091,0,0,0,0,0,0,0,0.000124672734073058,0,0.00483106844533101,0,0,0,0.00143373644184017,0,0,0.000467522752773968,0,0,6.23363670365291e-05,0,0,0.0014960728088767,0.00358434110460042,0.00959980052362548,0,0,0,0,0,0,0,0,0,0,0,0.00604662760254332,0,0,0.000592195486847027,0,0,0,0,0,0,0,0,0,0,0.00311681835182646,0.00255579104849769,0,0.00433237750903877,0,0.0179528737065204,0,0,0,0,0,0,0,0.00034285001870091,0,0,0,0,0,0,0,0,0,0.000187009101109587,0,0,0,0,0,0,0,0,0,0.000280513651664381,0,0.000249345468146116,0,0,0,0,0,0,0,0,0,0,0,0,0,0,0,0,6.23363670365291e-05,0,0,0,0,0,0,0.000748036404438349,0,0,0,0,0,0,0,0,0.000498690936292233,0,0,9.35045505547937e-05,0,0,0,0,0,0,0,0,0,9.35045505547937e-05,0,0,0,0,0,0,0,0,0,0,0,0,0,0,0,0,0,0,0,0,0,0,0,0,0,0,0,0,0,0,0,0,9.35045505547937e-05,0,0,0,6.23363670365291e-05,0,0,0,0,0,0,0,0,0,0
