"Analysis_ID","Metric","Model","Term","Estimate","Std_Error","DF","CI_Low","CI_High","P","N","Patients_N","Status","P_FDR"
"T01_PRJEB33360_Longitudinal_Main","Alpha_Observed","Value ~ Timepoint_Factor + (1|Patient_ID)","(Intercept)",53.4569886746158,3.09216677796252,83,47.3067933196545,59.607184029577,3.05576731886675e-29,130,43,"PASS",NA
"T01_PRJEB33360_Longitudinal_Main","Alpha_Observed","Value ~ Timepoint_Factor + (1|Patient_ID)","Timepoint_FactorM2.5_ICU_day5",-7.42751829001205,4.06488835140947,83,-15.512417731868,0.657381151843907,0.0712581609858717,130,43,"PASS",0.165018899125177
"T01_PRJEB33360_Longitudinal_Main","Alpha_Observed","Value ~ Timepoint_Factor + (1|Patient_ID)","Timepoint_FactorM2.6_ICU_day6",-12.5007443155502,4.42646494245501,83,-21.3048050544486,-3.69668357665188,0.00593533680716462,130,43,"PASS",0.0346533297871879
"T01_PRJEB33360_Longitudinal_Main","Alpha_Observed","Value ~ Timepoint_Factor + (1|Patient_ID)","Timepoint_FactorM2.7_ICU_day7",-18.8083042467853,4.31615830045263,83,-27.3929695112548,-10.2236389823159,3.73960415480001e-05,130,43,"PASS",0.00164542582811201
"T01_PRJEB33360_Longitudinal_Main","Alpha_Observed","Value ~ Timepoint_Factor + (1|Patient_ID)","Timepoint_FactorM3_discharge",-19.8896632465351,10.8605336491558,83,-41.490827865945,1.71150137287477,0.0706331265679308,130,43,"PASS",0.165018899125177
"T01_PRJEB33360_Longitudinal_Main","Alpha_Shannon","Value ~ Timepoint_Factor + (1|Patient_ID)","(Intercept)",2.35096134782748,0.138037264706643,83,2.07641078016057,2.62551191549438,8.07003285986585e-29,130,43,"PASS",NA
"T01_PRJEB33360_Longitudinal_Main","Alpha_Shannon","Value ~ Timepoint_Factor + (1|Patient_ID)","Timepoint_FactorM2.5_ICU_day5",-0.30308023003059,0.175715068150032,83,-0.652570433351741,0.0464099732905618,0.0882785279002099,130,43,"PASS",0.194212761380462
"T01_PRJEB33360_Longitudinal_Main","Alpha_Shannon","Value ~ Timepoint_Factor + (1|Patient_ID)","Timepoint_FactorM2.6_ICU_day6",-0.35502247909285,0.19161497799005,83,-0.736136963594207,0.0260920054085079,0.0674664852304322,130,43,"PASS",0.165018899125177
"T01_PRJEB33360_Longitudinal_Main","Alpha_Shannon","Value ~ Timepoint_Factor + (1|Patient_ID)","Timepoint_FactorM2.7_ICU_day7",-0.772285391893393,0.186732319701482,83,-1.14368846543845,-0.400882318348335,8.42561807807722e-05,130,43,"PASS",0.00185363597717699
"T01_PRJEB33360_Longitudinal_Main","Alpha_Shannon","Value ~ Timepoint_Factor + (1|Patient_ID)","Timepoint_FactorM3_discharge",-0.754529147829887,0.472224414322612,83,-1.69376451513433,0.184706219474559,0.113883591124918,130,43,"PASS",0.208786583729016
"T01_PRJEB33360_Longitudinal_Main","Alpha_InverseSimpson","Value ~ Timepoint_Factor + (1|Patient_ID)","(Intercept)",7.84590600582465,0.710381972122256,83,6.43298483471197,9.25882717693733,5.69856888959946e-18,130,43,"PASS",NA
"T01_PRJEB33360_Longitudinal_Main","Alpha_InverseSimpson","Value ~ Timepoint_Factor + (1|Patient_ID)","Timepoint_FactorM2.5_ICU_day5",-2.5276155129389,0.915414451085468,83,-4.34833803833902,-0.706892987538775,0.00708818109283388,130,43,"PASS",0.0346533297871879
"T01_PRJEB33360_Longitudinal_Main","Alpha_InverseSimpson","Value ~ Timepoint_Factor + (1|Patient_ID)","Timepoint_FactorM2.6_ICU_day6",-2.53098523115135,0.997753225885935,83,-4.5154762679785,-0.546494194324205,0.0130632023565527,130,43,"PASS",0.0522528094262108
"T01_PRJEB33360_Longitudinal_Main","Alpha_InverseSimpson","Value ~ Timepoint_Factor + (1|Patient_ID)","Timepoint_FactorM2.7_ICU_day7",-3.65830548079305,0.97252849956052,83,-5.59262555149302,-1.72398541009308,0.000313489908057025,130,43,"PASS",0.00350355963182574
"T01_PRJEB33360_Longitudinal_Main","Alpha_InverseSimpson","Value ~ Timepoint_Factor + (1|Patient_ID)","Timepoint_FactorM3_discharge",-3.41005781725574,2.45513843330207,83,-8.29322941585582,1.47311378134435,0.168564427782894,130,43,"PASS",0.264886957944547
"T01_PRJEB33360_Longitudinal_Main","SDI_Equal_Balance","Value ~ Timepoint_Factor + (1|Patient_ID)","(Intercept)",0.470700381927927,0.388857924097652,83,-0.302722389304708,1.24412315316056,0.229534879276245,130,43,"PASS",NA
"T01_PRJEB33360_Longitudinal_Main","SDI_Equal_Balance","Value ~ Timepoint_Factor + (1|Patient_ID)","Timepoint_FactorM2.5_ICU_day5",0.403860177031034,0.467325540261367,83,-0.525631526797454,1.33335188085952,0.389971695366706,130,43,"PASS",0.463750124219866
"T01_PRJEB33360_Longitudinal_Main","SDI_Equal_Balance","Value ~ Timepoint_Factor + (1|Patient_ID)","Timepoint_FactorM2.6_ICU_day6",1.03791128966262,0.510541723487643,83,0.0224643355443854,2.05335824378085,0.045252638630657,130,43,"PASS",0.132741073316594
"T01_PRJEB33360_Longitudinal_Main","SDI_Equal_Balance","Value ~ Timepoint_Factor + (1|Patient_ID)","Timepoint_FactorM2.7_ICU_day7",0.623375588561628,0.497140375352496,83,-0.365416623115671,1.61216780023893,0.213390329706102,130,43,"PASS",0.323764638174775
"T01_PRJEB33360_Longitudinal_Main","SDI_Equal_Balance","Value ~ Timepoint_Factor + (1|Patient_ID)","Timepoint_FactorM3_discharge",-2.14518401140535,1.26509689504642,83,-4.66141085367717,0.371042830866461,0.0936970955083807,130,43,"PASS",0.196317723922322
"T01_PRJEB33360_Longitudinal_Main","SDI_MetaWeighted_Balance","Value ~ Timepoint_Factor + (1|Patient_ID)","(Intercept)",-0.286213097635204,0.420188638873528,83,-1.1219514004412,0.549525205170789,0.497670214841799,130,43,"PASS",NA
"T01_PRJEB33360_Longitudinal_Main","SDI_MetaWeighted_Balance","Value ~ Timepoint_Factor + (1|Patient_ID)","Timepoint_FactorM2.5_ICU_day5",0.499402089009626,0.50273969862881,83,-0.500526951460459,1.49933112947971,0.323421173928456,130,43,"PASS",0.410407182061098
"T01_PRJEB33360_Longitudinal_Main","SDI_MetaWeighted_Balance","Value ~ Timepoint_Factor + (1|Patient_ID)","Timepoint_FactorM2.6_ICU_day6",1.26997970661616,0.549292851976578,83,0.177458316497033,2.36250109673528,0.0232539340660837,130,43,"PASS",0.0852644249089734
"T01_PRJEB33360_Longitudinal_Main","SDI_MetaWeighted_Balance","Value ~ Timepoint_Factor + (1|Patient_ID)","Timepoint_FactorM2.7_ICU_day7",0.818984798419323,0.534847078097105,83,-0.244804528460022,1.88277412529867,0.129510252783731,130,43,"PASS",0.219171197018622
"T01_PRJEB33360_Longitudinal_Main","SDI_MetaWeighted_Balance","Value ~ Timepoint_Factor + (1|Patient_ID)","Timepoint_FactorM3_discharge",-2.20824841854278,1.36157161637367,83,-4.91635960133809,0.499862764252535,0.108630876523001,130,43,"PASS",0.208786583729016
"T01_PRJEB33360_Longitudinal_Main","CandidateSignedCLR__Genus__Bilophila.Family__Desulfovibrionaceae","Value ~ Timepoint_Factor + (1|Patient_ID)","(Intercept)",3.15816309465776,0.372229373642871,83,2.4178138414823,3.89851234783323,7.02286857610997e-13,130,43,"PASS",NA
"T01_PRJEB33360_Longitudinal_Main","CandidateSignedCLR__Genus__Bilophila.Family__Desulfovibrionaceae","Value ~ Timepoint_Factor + (1|Patient_ID)","Timepoint_FactorM2.5_ICU_day5",-0.409158392372064,0.414503605417073,83,-1.23358939228422,0.415272607540091,0.326460258457692,130,43,"PASS",0.410407182061098
"T01_PRJEB33360_Longitudinal_Main","CandidateSignedCLR__Genus__Bilophila.Family__Desulfovibrionaceae","Value ~ Timepoint_Factor + (1|Patient_ID)","Timepoint_FactorM2.6_ICU_day6",-0.734193542718264,0.453539933864812,83,-1.63626622987868,0.167879144442151,0.10928278315328,130,43,"PASS",0.208786583729016
"T01_PRJEB33360_Longitudinal_Main","CandidateSignedCLR__Genus__Bilophila.Family__Desulfovibrionaceae","Value ~ Timepoint_Factor + (1|Patient_ID)","Timepoint_FactorM2.7_ICU_day7",-1.23701009348558,0.441311763152741,83,-2.11476144091457,-0.359258746056591,0.00630054642545728,130,43,"PASS",0.0346533297871879
"T01_PRJEB33360_Longitudinal_Main","CandidateSignedCLR__Genus__Bilophila.Family__Desulfovibrionaceae","Value ~ Timepoint_Factor + (1|Patient_ID)","Timepoint_FactorM3_discharge",-1.31842791702795,1.12895618144499,83,-3.56387635550216,0.927020521446254,0.246219471718107,130,43,"PASS",0.349472798567636
"T01_PRJEB33360_Longitudinal_Main","CandidateSignedCLR__Genus__Butyricimonas.Family__Marinifilaceae","Value ~ Timepoint_Factor + (1|Patient_ID)","(Intercept)",2.18509748144626,0.3567653119548,83,1.47550562500652,2.89468933788601,2.90242108874334e-08,130,43,"PASS",NA
"T01_PRJEB33360_Longitudinal_Main","CandidateSignedCLR__Genus__Butyricimonas.Family__Marinifilaceae","Value ~ Timepoint_Factor + (1|Patient_ID)","Timepoint_FactorM2.5_ICU_day5",-0.593761117922549,0.489588811035112,83,-1.56753357189516,0.380011336050066,0.228656363238988,130,43,"PASS",0.335362666083849
"T01_PRJEB33360_Longitudinal_Main","CandidateSignedCLR__Genus__Butyricimonas.Family__Marinifilaceae","Value ~ Timepoint_Factor + (1|Patient_ID)","Timepoint_FactorM2.6_ICU_day6",-0.400831795557585,0.53177526835929,83,-1.45851141641607,0.656847825300896,0.453125386596245,130,43,"PASS",0.49843792525587
"T01_PRJEB33360_Longitudinal_Main","CandidateSignedCLR__Genus__Butyricimonas.Family__Marinifilaceae","Value ~ Timepoint_Factor + (1|Patient_ID)","Timepoint_FactorM2.7_ICU_day7",-0.999730636143961,0.519039774799122,83,-2.03207987253059,0.0326186002426671,0.0575132463894642,130,43,"PASS",0.158161427571026
"T01_PRJEB33360_Longitudinal_Main","CandidateSignedCLR__Genus__Butyricimonas.Family__Marinifilaceae","Value ~ Timepoint_Factor + (1|Patient_ID)","Timepoint_FactorM3_discharge",-2.65319127418192,1.29347018577681,83,-5.22585145054769,-0.0805310978161353,0.0433992890971598,130,43,"PASS",0.132741073316594
"T01_PRJEB33360_Longitudinal_Main","CandidateSignedCLR__Genus__Parabacteroides.Family__Tannerellaceae","Value ~ Timepoint_Factor + (1|Patient_ID)","(Intercept)",4.63203755418239,0.426831815305055,83,3.78308624064148,5.48098886772329,1.35904694915615e-17,130,43,"PASS",NA
"T01_PRJEB33360_Longitudinal_Main","CandidateSignedCLR__Genus__Parabacteroides.Family__Tannerellaceae","Value ~ Timepoint_Factor + (1|Patient_ID)","Timepoint_FactorM2.5_ICU_day5",0.506935031803688,0.544392873751064,83,-0.575840498701153,1.58971056230853,0.354454231566426,130,43,"PASS",0.433221838581187
"T01_PRJEB33360_Longitudinal_Main","CandidateSignedCLR__Genus__Parabacteroides.Family__Tannerellaceae","Value ~ Timepoint_Factor + (1|Patient_ID)","Timepoint_FactorM2.6_ICU_day6",0.0121831849301847,0.593608433924836,83,-1.16848011531908,1.19284648517945,0.983674672786099,130,43,"PASS",0.983674672786099
"T01_PRJEB33360_Longitudinal_Main","CandidateSignedCLR__Genus__Parabacteroides.Family__Tannerellaceae","Value ~ Timepoint_Factor + (1|Patient_ID)","Timepoint_FactorM2.7_ICU_day7",-0.436499273505772,0.578500578408119,83,-1.58711365676759,0.714115109756045,0.452663235320865,130,43,"PASS",0.49843792525587
"T01_PRJEB33360_Longitudinal_Main","CandidateSignedCLR__Genus__Parabacteroides.Family__Tannerellaceae","Value ~ Timepoint_Factor + (1|Patient_ID)","Timepoint_FactorM3_discharge",-2.27916057819339,1.46257473937776,83,-5.18816291031592,0.629841753929143,0.12296228149734,130,43,"PASS",0.216413615435319
"T01_PRJEB33360_Longitudinal_Main","CandidateSignedCLR__Genus__Hoylesella.Family__Prevotellaceae","Value ~ Timepoint_Factor + (1|Patient_ID)","(Intercept)",-4.60702528279503,0.547155092306946,83,-5.69529475491158,-3.51875581067849,9.45010854077344e-13,130,43,"PASS",NA
"T01_PRJEB33360_Longitudinal_Main","CandidateSignedCLR__Genus__Hoylesella.Family__Prevotellaceae","Value ~ Timepoint_Factor + (1|Patient_ID)","Timepoint_FactorM2.5_ICU_day5",0.728790738513838,0.639441268776447,83,-0.543032226866691,2.00061370389437,0.25767703110836,130,43,"PASS",0.354305917773995
"T01_PRJEB33360_Longitudinal_Main","CandidateSignedCLR__Genus__Hoylesella.Family__Prevotellaceae","Value ~ Timepoint_Factor + (1|Patient_ID)","Timepoint_FactorM2.6_ICU_day6",2.28536109840189,0.699034198697316,83,0.895010192225957,3.67571200457783,0.00157022637017706,130,43,"PASS",0.0138179920575581
"T01_PRJEB33360_Longitudinal_Main","CandidateSignedCLR__Genus__Hoylesella.Family__Prevotellaceae","Value ~ Timepoint_Factor + (1|Patient_ID)","Timepoint_FactorM2.7_ICU_day7",1.89448230092577,0.680479969757346,83,0.541035009863599,3.24792959198794,0.00664739319750539,130,43,"PASS",0.0346533297871879
"T01_PRJEB33360_Longitudinal_Main","CandidateSignedCLR__Genus__Hoylesella.Family__Prevotellaceae","Value ~ Timepoint_Factor + (1|Patient_ID)","Timepoint_FactorM3_discharge",-1.31468727980102,1.73551159197184,83,-4.76655003426079,2.13717547465874,0.450882817349593,130,43,"PASS",0.49843792525587
"T01_PRJEB33360_Longitudinal_Main","CandidateSignedCLR__Genus__Campylobacter.Family__Campylobacteraceae","Value ~ Timepoint_Factor + (1|Patient_ID)","(Intercept)",-4.16650116051585,0.448097639757751,83,-5.05774934358543,-3.27525297744626,1.6529864058263e-14,130,43,"PASS",NA
"T01_PRJEB33360_Longitudinal_Main","CandidateSignedCLR__Genus__Campylobacter.Family__Campylobacteraceae","Value ~ Timepoint_Factor + (1|Patient_ID)","Timepoint_FactorM2.5_ICU_day5",1.36596456285166,0.602833227852248,83,0.166953518500364,2.56497560720295,0.0260601358720714,130,43,"PASS",0.0882035367977803
"T01_PRJEB33360_Longitudinal_Main","CandidateSignedCLR__Genus__Campylobacter.Family__Campylobacteraceae","Value ~ Timepoint_Factor + (1|Patient_ID)","Timepoint_FactorM2.6_ICU_day6",1.73521757710348,0.655629032868938,83,0.431197800012021,3.03923735419494,0.00972449007064689,130,43,"PASS",0.0427877563108463
"T01_PRJEB33360_Longitudinal_Main","CandidateSignedCLR__Genus__Campylobacter.Family__Campylobacteraceae","Value ~ Timepoint_Factor + (1|Patient_ID)","Timepoint_FactorM2.7_ICU_day7",2.403004568254,0.639608855465795,83,1.13084827968867,3.67516085681934,0.000318505421075067,130,43,"PASS",0.00350355963182574
"T01_PRJEB33360_Longitudinal_Main","CandidateSignedCLR__Genus__Campylobacter.Family__Campylobacteraceae","Value ~ Timepoint_Factor + (1|Patient_ID)","Timepoint_FactorM3_discharge",1.59476981059433,1.6019397579326,83,-1.59142393819714,4.78096355938581,0.32237487526423,130,43,"PASS",0.410407182061098
"T01_PRJEB33360_Longitudinal_Main","CandidateSignedCLR__Genus__Atopobium.Family__Atopobiaceae","Value ~ Timepoint_Factor + (1|Patient_ID)","(Intercept)",0.246127227417262,0.168424247419017,83,-0.0888618267054334,0.581116281539958,0.147694332722229,130,43,"PASS",NA
"T01_PRJEB33360_Longitudinal_Main","CandidateSignedCLR__Genus__Atopobium.Family__Atopobiaceae","Value ~ Timepoint_Factor + (1|Patient_ID)","Timepoint_FactorM2.5_ICU_day5",-0.362438377673175,0.242314697016547,83,-0.844392564184417,0.119515808838067,0.138515716279431,130,43,"PASS",0.225729315418333
"T01_PRJEB33360_Longitudinal_Main","CandidateSignedCLR__Genus__Atopobium.Family__Atopobiaceae","Value ~ Timepoint_Factor + (1|Patient_ID)","Timepoint_FactorM2.6_ICU_day6",0.0891408532873043,0.262075057451762,83,-0.432115895371346,0.610397601945955,0.734614306623098,130,43,"PASS",0.769595940271817
"T01_PRJEB33360_Longitudinal_Main","CandidateSignedCLR__Genus__Atopobium.Family__Atopobiaceae","Value ~ Timepoint_Factor + (1|Patient_ID)","Timepoint_FactorM2.7_ICU_day7",0.139360867667502,0.256195118388963,83,-0.37020091868536,0.648922654020364,0.587924657627762,130,43,"PASS",0.630943535015159
"T01_PRJEB33360_Longitudinal_Main","CandidateSignedCLR__Genus__Atopobium.Family__Atopobiaceae","Value ~ Timepoint_Factor + (1|Patient_ID)","Timepoint_FactorM3_discharge",0.109935522646434,0.626839634691638,83,-1.13682329937493,1.35669434466779,0.861207721323178,130,43,"PASS",0.881235807865577
"T02_PRJEB33360_Longitudinal_DepthSensitivity","Alpha_Observed","Value ~ Timepoint_Factor + (1|Patient_ID)","(Intercept)",53.3514962227394,3.09327254816773,80,47.1956876726603,59.5073047728186,1.11484439776081e-28,127,43,"PASS",NA
"T02_PRJEB33360_Longitudinal_DepthSensitivity","Alpha_Observed","Value ~ Timepoint_Factor + (1|Patient_ID)","Timepoint_FactorM2.5_ICU_day5",-7.27488255537366,3.90665052181666,80,-15.0493648584656,0.499599747718276,0.0662495276031979,127,43,"PASS",0.161943289696706
"T02_PRJEB33360_Longitudinal_DepthSensitivity","Alpha_Observed","Value ~ Timepoint_Factor + (1|Patient_ID)","Timepoint_FactorM2.6_ICU_day6",-11.7483923211959,4.32053636565852,80,-20.3465337026926,-3.15025093969928,0.00802316249615442,127,43,"PASS",0.0433951525454713
"T02_PRJEB33360_Longitudinal_DepthSensitivity","Alpha_Observed","Value ~ Timepoint_Factor + (1|Patient_ID)","Timepoint_FactorM2.7_ICU_day7",-17.742790473599,4.25996926991773,80,-26.2203994933303,-9.26518145386775,7.80718548086593e-05,127,43,"PASS",0.00343516161158101
"T02_PRJEB33360_Longitudinal_DepthSensitivity","Alpha_Observed","Value ~ Timepoint_Factor + (1|Patient_ID)","Timepoint_FactorM3_discharge",-19.9172279682407,10.511993625878,80,-40.8367619675603,1.00230603107897,0.0617432781497926,127,43,"PASS",0.159806131681816
"T02_PRJEB33360_Longitudinal_DepthSensitivity","Alpha_Shannon","Value ~ Timepoint_Factor + (1|Patient_ID)","(Intercept)",2.35009738613175,0.138784733908796,80,2.07390696375132,2.62628780851217,3.55037459948771e-28,127,43,"PASS",NA
"T02_PRJEB33360_Longitudinal_DepthSensitivity","Alpha_Shannon","Value ~ Timepoint_Factor + (1|Patient_ID)","Timepoint_FactorM2.5_ICU_day5",-0.302086197074009,0.172880196939367,80,-0.646128753262308,0.0419563591142906,0.0844099631904478,127,43,"PASS",0.185701919018985
"T02_PRJEB33360_Longitudinal_DepthSensitivity","Alpha_Shannon","Value ~ Timepoint_Factor + (1|Patient_ID)","Timepoint_FactorM2.6_ICU_day6",-0.373110729004765,0.191304524972212,80,-0.753818866472422,0.00759740846289131,0.0546368221356753,127,43,"PASS",0.150251260873107
"T02_PRJEB33360_Longitudinal_DepthSensitivity","Alpha_Shannon","Value ~ Timepoint_Factor + (1|Patient_ID)","Timepoint_FactorM2.7_ICU_day7",-0.735896681352223,0.188600517807264,80,-1.11122367307011,-0.36056968963434,0.00019784656189262,127,43,"PASS",0.00435262436163763
"T02_PRJEB33360_Longitudinal_DepthSensitivity","Alpha_Shannon","Value ~ Timepoint_Factor + (1|Patient_ID)","Timepoint_FactorM3_discharge",-0.754082840738862,0.466082013649053,80,-1.68161560740646,0.173449925928734,0.109616438256684,127,43,"PASS",0.207100837163427
"T02_PRJEB33360_Longitudinal_DepthSensitivity","Alpha_InverseSimpson","Value ~ Timepoint_Factor + (1|Patient_ID)","(Intercept)",7.84324080815924,0.71638453020094,80,6.4175901590538,9.26889145726469,1.41439135352232e-17,127,43,"PASS",NA
"T02_PRJEB33360_Longitudinal_DepthSensitivity","Alpha_InverseSimpson","Value ~ Timepoint_Factor + (1|Patient_ID)","Timepoint_FactorM2.5_ICU_day5",-2.5271301402484,0.906488375786213,80,-4.33109949869289,-0.723160781803899,0.00662698639701173,127,43,"PASS",0.0433951525454713
"T02_PRJEB33360_Longitudinal_DepthSensitivity","Alpha_InverseSimpson","Value ~ Timepoint_Factor + (1|Patient_ID)","Timepoint_FactorM2.6_ICU_day6",-2.63934121672922,1.00244178017001,80,-4.63426393538274,-0.6444184980757,0.0101576281886629,127,43,"PASS",0.0433951525454713
"T02_PRJEB33360_Longitudinal_DepthSensitivity","Alpha_InverseSimpson","Value ~ Timepoint_Factor + (1|Patient_ID)","Timepoint_FactorM2.7_ICU_day7",-3.40561330428803,0.988406048259425,80,-5.37260402627576,-1.43862258230029,0.000910475679643253,127,43,"PASS",0.0100152324760758
"T02_PRJEB33360_Longitudinal_DepthSensitivity","Alpha_InverseSimpson","Value ~ Timepoint_Factor + (1|Patient_ID)","Timepoint_FactorM3_discharge",-3.37833925175628,2.43848051668348,80,-8.2310701314497,1.47439162793715,0.169772297725911,127,43,"PASS",0.266785039283575
"T02_PRJEB33360_Longitudinal_DepthSensitivity","SDI_Equal_Balance","Value ~ Timepoint_Factor + (1|Patient_ID)","(Intercept)",0.472925843373543,0.391473676163692,80,-0.306131599943829,1.25198328669092,0.230581160140737,127,43,"PASS",NA
"T02_PRJEB33360_Longitudinal_DepthSensitivity","SDI_Equal_Balance","Value ~ Timepoint_Factor + (1|Patient_ID)","Timepoint_FactorM2.5_ICU_day5",0.402005228178272,0.472958251548589,80,-0.539211688009033,1.34322214436558,0.397872661314326,127,43,"PASS",0.46069466046922
"T02_PRJEB33360_Longitudinal_DepthSensitivity","SDI_Equal_Balance","Value ~ Timepoint_Factor + (1|Patient_ID)","Timepoint_FactorM2.6_ICU_day6",0.957405754358765,0.523931045252279,80,-0.0852502540574035,2.00006176277493,0.0713760139629836,127,43,"PASS",0.165291821809015
"T02_PRJEB33360_Longitudinal_DepthSensitivity","SDI_Equal_Balance","Value ~ Timepoint_Factor + (1|Patient_ID)","Timepoint_FactorM2.7_ICU_day7",0.633192890061681,0.51640663384003,80,-0.3944890624365,1.66087484255986,0.223738577895069,127,43,"PASS",0.338773394504021
"T02_PRJEB33360_Longitudinal_DepthSensitivity","SDI_Equal_Balance","Value ~ Timepoint_Factor + (1|Patient_ID)","Timepoint_FactorM3_discharge",-2.14019432521546,1.27970611433356,80,-4.68689065330633,0.406502002875408,0.0983501511151055,127,43,"PASS",0.196700302230211
"T02_PRJEB33360_Longitudinal_DepthSensitivity","SDI_MetaWeighted_Balance","Value ~ Timepoint_Factor + (1|Patient_ID)","(Intercept)",-0.283714634750621,0.422827495917594,80,-1.12516816787684,0.557738898375597,0.504157210859082,127,43,"PASS",NA
"T02_PRJEB33360_Longitudinal_DepthSensitivity","SDI_MetaWeighted_Balance","Value ~ Timepoint_Factor + (1|Patient_ID)","Timepoint_FactorM2.5_ICU_day5",0.498118058389892,0.508378702210582,80,-0.513587801024194,1.50982391780398,0.330130330720714,127,43,"PASS",0.405813327516871
"T02_PRJEB33360_Longitudinal_DepthSensitivity","SDI_MetaWeighted_Balance","Value ~ Timepoint_Factor + (1|Patient_ID)","Timepoint_FactorM2.6_ICU_day6",1.17900281678296,0.563254511689552,80,0.0580906162130521,2.29991501735288,0.0394998048624273,127,43,"PASS",0.133691647226677
"T02_PRJEB33360_Longitudinal_DepthSensitivity","SDI_MetaWeighted_Balance","Value ~ Timepoint_Factor + (1|Patient_ID)","Timepoint_FactorM2.7_ICU_day7",0.816867871690719,0.555147131383482,80,-0.287910127889884,1.92164587127132,0.145093967847253,127,43,"PASS",0.236449429084412
"T02_PRJEB33360_Longitudinal_DepthSensitivity","SDI_MetaWeighted_Balance","Value ~ Timepoint_Factor + (1|Patient_ID)","Timepoint_FactorM3_discharge",-2.20555337035432,1.37623357806234,80,-4.94434547315831,0.533238732449666,0.112964092998233,127,43,"PASS",0.207100837163427
"T02_PRJEB33360_Longitudinal_DepthSensitivity","CandidateSignedCLR__Genus__Bilophila.Family__Desulfovibrionaceae","Value ~ Timepoint_Factor + (1|Patient_ID)","(Intercept)",3.15930551225484,0.375096204121927,80,2.4128402769804,3.90577074752927,1.19813845025727e-12,127,43,"PASS",NA
"T02_PRJEB33360_Longitudinal_DepthSensitivity","CandidateSignedCLR__Genus__Bilophila.Family__Desulfovibrionaceae","Value ~ Timepoint_Factor + (1|Patient_ID)","Timepoint_FactorM2.5_ICU_day5",-0.411470297543624,0.419297419961134,80,-1.24589875563464,0.422958160547393,0.329387151479766,127,43,"PASS",0.405813327516871
"T02_PRJEB33360_Longitudinal_DepthSensitivity","CandidateSignedCLR__Genus__Bilophila.Family__Desulfovibrionaceae","Value ~ Timepoint_Factor + (1|Patient_ID)","Timepoint_FactorM2.6_ICU_day6",-0.795441750033286,0.465401975587278,80,-1.72162119782908,0.13073769776251,0.0912999924657721,127,43,"PASS",0.191295222309237
"T02_PRJEB33360_Longitudinal_DepthSensitivity","CandidateSignedCLR__Genus__Bilophila.Family__Desulfovibrionaceae","Value ~ Timepoint_Factor + (1|Patient_ID)","Timepoint_FactorM2.7_ICU_day7",-1.20996390381654,0.458516810297926,80,-2.12244143602071,-0.297486371612375,0.00999528060995316,127,43,"PASS",0.0433951525454713
"T02_PRJEB33360_Longitudinal_DepthSensitivity","CandidateSignedCLR__Genus__Bilophila.Family__Desulfovibrionaceae","Value ~ Timepoint_Factor + (1|Patient_ID)","Timepoint_FactorM3_discharge",-1.32006917111488,1.14179007080899,80,-3.59230382578338,0.952165483553624,0.251064902770274,127,43,"PASS",0.356350184577163
"T02_PRJEB33360_Longitudinal_DepthSensitivity","CandidateSignedCLR__Genus__Butyricimonas.Family__Marinifilaceae","Value ~ Timepoint_Factor + (1|Patient_ID)","(Intercept)",2.19106807175768,0.355759781812995,80,1.48308354321818,2.89905260029718,2.77485881308088e-08,127,43,"PASS",NA
"T02_PRJEB33360_Longitudinal_DepthSensitivity","CandidateSignedCLR__Genus__Butyricimonas.Family__Marinifilaceae","Value ~ Timepoint_Factor + (1|Patient_ID)","Timepoint_FactorM2.5_ICU_day5",-0.595606732515274,0.493452855930984,80,-1.57760921121707,0.386395746186518,0.230981859889105,127,43,"PASS",0.338773394504021
"T02_PRJEB33360_Longitudinal_DepthSensitivity","CandidateSignedCLR__Genus__Butyricimonas.Family__Marinifilaceae","Value ~ Timepoint_Factor + (1|Patient_ID)","Timepoint_FactorM2.6_ICU_day6",-0.533865686707524,0.542478904360683,80,-1.61343311107791,0.54570173766286,0.328022309914354,127,43,"PASS",0.405813327516871
"T02_PRJEB33360_Longitudinal_DepthSensitivity","CandidateSignedCLR__Genus__Butyricimonas.Family__Marinifilaceae","Value ~ Timepoint_Factor + (1|Patient_ID)","Timepoint_FactorM2.7_ICU_day7",-1.07327036599771,0.53548724742358,80,-2.1389239496436,-0.0076167823518114,0.0484230665337951,127,43,"PASS",0.142040995165799
"T02_PRJEB33360_Longitudinal_DepthSensitivity","CandidateSignedCLR__Genus__Butyricimonas.Family__Marinifilaceae","Value ~ Timepoint_Factor + (1|Patient_ID)","Timepoint_FactorM3_discharge",-2.66350913957329,1.29887743261026,80,-5.24835760690385,-0.0786606722427279,0.0435778287859814,127,43,"PASS",0.136958890470227
"T02_PRJEB33360_Longitudinal_DepthSensitivity","CandidateSignedCLR__Genus__Parabacteroides.Family__Tannerellaceae","Value ~ Timepoint_Factor + (1|Patient_ID)","(Intercept)",4.62867542702637,0.427119481781661,80,3.77868056982753,5.47867028422521,2.3149194975551e-17,127,43,"PASS",NA
"T02_PRJEB33360_Longitudinal_DepthSensitivity","CandidateSignedCLR__Genus__Parabacteroides.Family__Tannerellaceae","Value ~ Timepoint_Factor + (1|Patient_ID)","Timepoint_FactorM2.5_ICU_day5",0.506443918085359,0.539311706440769,80,-0.566820581556731,1.57970841772745,0.350528619204491,127,43,"PASS",0.416844844459395
"T02_PRJEB33360_Longitudinal_DepthSensitivity","CandidateSignedCLR__Genus__Parabacteroides.Family__Tannerellaceae","Value ~ Timepoint_Factor + (1|Patient_ID)","Timepoint_FactorM2.6_ICU_day6",-0.0193799421297888,0.596454199781657,80,-1.20636162756886,1.16760174330928,0.974160688575242,127,43,"PASS",0.974160688575242
"T02_PRJEB33360_Longitudinal_DepthSensitivity","CandidateSignedCLR__Genus__Parabacteroides.Family__Tannerellaceae","Value ~ Timepoint_Factor + (1|Patient_ID)","Timepoint_FactorM2.7_ICU_day7",-0.293241943810477,0.588091697770364,80,-1.4635817198867,0.87709783226575,0.619406191630723,127,43,"PASS",0.664728595896386
"T02_PRJEB33360_Longitudinal_DepthSensitivity","CandidateSignedCLR__Genus__Parabacteroides.Family__Tannerellaceae","Value ~ Timepoint_Factor + (1|Patient_ID)","Timepoint_FactorM3_discharge",-2.26983215820964,1.45122424185769,80,-5.15786043796835,0.618196121549075,0.12174591331738,127,43,"PASS",0.21427280743859
"T02_PRJEB33360_Longitudinal_DepthSensitivity","CandidateSignedCLR__Genus__Hoylesella.Family__Prevotellaceae","Value ~ Timepoint_Factor + (1|Patient_ID)","(Intercept)",-4.60476638988613,0.549550006946545,80,-5.69840575686058,-3.51112702291168,1.45866710502961e-12,127,43,"PASS",NA
"T02_PRJEB33360_Longitudinal_DepthSensitivity","CandidateSignedCLR__Genus__Hoylesella.Family__Prevotellaceae","Value ~ Timepoint_Factor + (1|Patient_ID)","Timepoint_FactorM2.5_ICU_day5",0.728951340333938,0.645762688917377,80,-0.556157365691448,2.01406004635932,0.262346480589999,127,43,"PASS",0.360726410811248
"T02_PRJEB33360_Longitudinal_DepthSensitivity","CandidateSignedCLR__Genus__Hoylesella.Family__Prevotellaceae","Value ~ Timepoint_Factor + (1|Patient_ID)","Timepoint_FactorM2.6_ICU_day6",2.21242415901333,0.715941307703076,80,0.787655550788361,3.63719276723829,0.00275118929931511,127,43,"PASS",0.024210465833973
"T02_PRJEB33360_Longitudinal_DepthSensitivity","CandidateSignedCLR__Genus__Hoylesella.Family__Prevotellaceae","Value ~ Timepoint_Factor + (1|Patient_ID)","Timepoint_FactorM2.7_ICU_day7",1.86843186524314,0.705534058002994,80,0.464374343962171,3.27248938652411,0.00974404772379585,127,43,"PASS",0.0433951525454713
"T02_PRJEB33360_Longitudinal_DepthSensitivity","CandidateSignedCLR__Genus__Hoylesella.Family__Prevotellaceae","Value ~ Timepoint_Factor + (1|Patient_ID)","Timepoint_FactorM3_discharge",-1.31457472589467,1.75193081545966,80,-4.8010281583094,2.17187870652007,0.455240586749332,127,43,"PASS",0.513604764537708
"T02_PRJEB33360_Longitudinal_DepthSensitivity","CandidateSignedCLR__Genus__Campylobacter.Family__Campylobacteraceae","Value ~ Timepoint_Factor + (1|Patient_ID)","(Intercept)",-4.16585217275907,0.451692843483647,80,-5.06474957821828,-3.26695476729985,3.20743484151439e-14,127,43,"PASS",NA
"T02_PRJEB33360_Longitudinal_DepthSensitivity","CandidateSignedCLR__Genus__Campylobacter.Family__Campylobacteraceae","Value ~ Timepoint_Factor + (1|Patient_ID)","Timepoint_FactorM2.5_ICU_day5",1.36485859707735,0.605798183275078,80,0.159281791879222,2.57043540227548,0.0269980130105897,127,43,"PASS",0.0989927143721624
"T02_PRJEB33360_Longitudinal_DepthSensitivity","CandidateSignedCLR__Genus__Campylobacter.Family__Campylobacteraceae","Value ~ Timepoint_Factor + (1|Patient_ID)","Timepoint_FactorM2.6_ICU_day6",1.74189628746899,0.667777427421176,80,0.412976855618713,3.07081571931927,0.0108487881363678,127,43,"PASS",0.0433951525454713
"T02_PRJEB33360_Longitudinal_DepthSensitivity","CandidateSignedCLR__Genus__Campylobacter.Family__Campylobacteraceae","Value ~ Timepoint_Factor + (1|Patient_ID)","Timepoint_FactorM2.7_ICU_day7",2.37557617317477,0.658844567547954,80,1.06443369900538,3.68671864734416,0.000539927281509288,127,43,"PASS",0.00791893346213623
"T02_PRJEB33360_Longitudinal_DepthSensitivity","CandidateSignedCLR__Genus__Campylobacter.Family__Campylobacteraceae","Value ~ Timepoint_Factor + (1|Patient_ID)","Timepoint_FactorM3_discharge",1.57241207795108,1.61115341039057,80,-1.63388539009654,4.7787095459987,0.332029086150167,127,43,"PASS",0.405813327516871
"T02_PRJEB33360_Longitudinal_DepthSensitivity","CandidateSignedCLR__Genus__Atopobium.Family__Atopobiaceae","Value ~ Timepoint_Factor + (1|Patient_ID)","(Intercept)",0.245719663563707,0.170425964461744,80,-0.0934388143436212,0.584878141471034,0.153262947207814,127,43,"PASS",NA
"T02_PRJEB33360_Longitudinal_DepthSensitivity","CandidateSignedCLR__Genus__Atopobium.Family__Atopobiaceae","Value ~ Timepoint_Factor + (1|Patient_ID)","Timepoint_FactorM2.5_ICU_day5",-0.36201423707712,0.244526571148043,80,-0.848637621843613,0.124609147689374,0.142675565059465,127,43,"PASS",0.236449429084412
"T02_PRJEB33360_Longitudinal_DepthSensitivity","CandidateSignedCLR__Genus__Atopobium.Family__Atopobiaceae","Value ~ Timepoint_Factor + (1|Patient_ID)","Timepoint_FactorM2.6_ICU_day6",0.0958793978268706,0.267826165778702,80,-0.437111657944153,0.628870453597894,0.721292781277397,127,43,"PASS",0.755640056576321
"T02_PRJEB33360_Longitudinal_DepthSensitivity","CandidateSignedCLR__Genus__Atopobium.Family__Atopobiaceae","Value ~ Timepoint_Factor + (1|Patient_ID)","Timepoint_FactorM2.7_ICU_day7",0.149540293365353,0.264542013738127,80,-0.376915091559884,0.675995678290591,0.573465298133591,127,43,"PASS",0.630811827946951
"T02_PRJEB33360_Longitudinal_DepthSensitivity","CandidateSignedCLR__Genus__Atopobium.Family__Atopobiaceae","Value ~ Timepoint_Factor + (1|Patient_ID)","Timepoint_FactorM3_discharge",0.10424270145015,0.63359416090862,80,-1.1566498620945,1.3651352649948,0.869732090595789,127,43,"PASS",0.889958418284064
"T03_PRJNA691455_Sepsis_Longitudinal","Alpha_Observed","Value ~ Timepoint_Factor + (1|Patient_ID)","(Intercept)",68.9,7.06467679302134,17,53.9948348497261,83.805165150274,2.2319046529792e-08,29,10,"PASS",NA
"T03_PRJNA691455_Sepsis_Longitudinal","Alpha_Observed","Value ~ Timepoint_Factor + (1|Patient_ID)","Timepoint_FactorDay 3",-12.9625400554465,7.21793698570506,17,-28.1910559477062,2.26597583681333,0.0903084821808682,29,10,"PASS",0.39735732159582
"T03_PRJNA691455_Sepsis_Longitudinal","Alpha_Observed","Value ~ Timepoint_Factor + (1|Patient_ID)","Timepoint_FactorDay 7",-11.7,6.96346900175663,17,-26.3916353756656,2.99163537566554,0.111200144782128,29,10,"PASS",0.407733864201135
"T03_PRJNA691455_Sepsis_Longitudinal","Alpha_Shannon","Value ~ Timepoint_Factor + (1|Patient_ID)","(Intercept)",2.1793158168381,0.271725543017708,17,1.60602503328412,2.75260660039208,3.52617715699625e-07,29,10,"PASS",NA
"T03_PRJNA691455_Sepsis_Longitudinal","Alpha_Shannon","Value ~ Timepoint_Factor + (1|Patient_ID)","Timepoint_FactorDay 3",-0.233113663330819,0.22582424649576,17,-0.709561176440044,0.243333849778406,0.316404466481731,29,10,"PASS",0.696089826259808
"T03_PRJNA691455_Sepsis_Longitudinal","Alpha_Shannon","Value ~ Timepoint_Factor + (1|Patient_ID)","Timepoint_FactorDay 7",-0.563592856276182,0.217497379595696,17,-1.02247221588511,-0.104713496667256,0.0190205421909331,29,10,"PASS",0.311899517479692
"T03_PRJNA691455_Sepsis_Longitudinal","Alpha_InverseSimpson","Value ~ Timepoint_Factor + (1|Patient_ID)","(Intercept)",7.81192943526807,1.43269537393825,17,4.78920641704342,10.8346524534927,4.29949239525568e-05,29,10,"PASS",NA
"T03_PRJNA691455_Sepsis_Longitudinal","Alpha_InverseSimpson","Value ~ Timepoint_Factor + (1|Patient_ID)","Timepoint_FactorDay 3",-2.22760087136176,1.88808676714078,17,-6.21111574497633,1.75591400225281,0.254319410848151,29,10,"PASS",0.696089826259808
"T03_PRJNA691455_Sepsis_Longitudinal","Alpha_InverseSimpson","Value ~ Timepoint_Factor + (1|Patient_ID)","Timepoint_FactorDay 7",-3.66844872392245,1.8302587127212,17,-7.5299570674868,0.193059619641891,0.061231799481544,29,10,"PASS",0.336774897148492
"T03_PRJNA691455_Sepsis_Longitudinal","SDI_Equal_Balance","Value ~ Timepoint_Factor + (1|Patient_ID)","(Intercept)",2.92211948881709,0.718866505480568,17,1.40544373717158,4.43879524046259,0.000805638135465184,29,10,"PASS",NA
"T03_PRJNA691455_Sepsis_Longitudinal","SDI_Equal_Balance","Value ~ Timepoint_Factor + (1|Patient_ID)","Timepoint_FactorDay 3",0.0566051579313351,0.553360567857261,17,-1.1108835882926,1.22409390415528,0.919720691153934,29,10,"PASS",0.919720691153934
"T03_PRJNA691455_Sepsis_Longitudinal","SDI_Equal_Balance","Value ~ Timepoint_Factor + (1|Patient_ID)","Timepoint_FactorDay 7",0.132599373599819,0.532739761512064,17,-0.991383274169539,1.25658202136918,0.806419655473399,29,10,"PASS",0.887061621020738
"T03_PRJNA691455_Sepsis_Longitudinal","SDI_MetaWeighted_Balance","Value ~ Timepoint_Factor + (1|Patient_ID)","(Intercept)",2.48696843232442,0.764764338461861,17,0.873456717666199,4.10048014698265,0.00469218842541175,29,10,"PASS",NA
"T03_PRJNA691455_Sepsis_Longitudinal","SDI_MetaWeighted_Balance","Value ~ Timepoint_Factor + (1|Patient_ID)","Timepoint_FactorDay 3",0.0908063867465621,0.644457198145768,17,-1.26887944914819,1.45049222264132,0.889602199392019,29,10,"PASS",0.919720691153934
"T03_PRJNA691455_Sepsis_Longitudinal","SDI_MetaWeighted_Balance","Value ~ Timepoint_Factor + (1|Patient_ID)","Timepoint_FactorDay 7",0.158062151369771,0.6207456878272,17,-1.15159677068091,1.46772107342045,0.802061472485868,29,10,"PASS",0.887061621020738
"T03_PRJNA691455_Sepsis_Longitudinal","CandidateSignedCLR__Genus__Bilophila.Family__Desulfovibrionaceae","Value ~ Timepoint_Factor + (1|Patient_ID)","(Intercept)",2.072731319825,0.725706714238437,17,0.541623989186511,3.60383865046348,0.010931162289358,29,10,"PASS",NA
"T03_PRJNA691455_Sepsis_Longitudinal","CandidateSignedCLR__Genus__Bilophila.Family__Desulfovibrionaceae","Value ~ Timepoint_Factor + (1|Patient_ID)","Timepoint_FactorDay 3",-0.560222497927184,0.521408848978661,17,-1.6602990099225,0.539854014068133,0.297639800575057,29,10,"PASS",0.696089826259808
"T03_PRJNA691455_Sepsis_Longitudinal","CandidateSignedCLR__Genus__Bilophila.Family__Desulfovibrionaceae","Value ~ Timepoint_Factor + (1|Patient_ID)","Timepoint_FactorDay 7",-0.572626328731864,0.501827712729212,17,-1.63139025443642,0.486137596972689,0.269656136110398,29,10,"PASS",0.696089826259808
"T03_PRJNA691455_Sepsis_Longitudinal","CandidateSignedCLR__Genus__Butyricimonas.Family__Marinifilaceae","Value ~ Timepoint_Factor + (1|Patient_ID)","(Intercept)",1.06478312844116,0.796906312059756,17,-0.616542222816209,2.74610847969853,0.199112959275164,29,10,"PASS",NA
"T03_PRJNA691455_Sepsis_Longitudinal","CandidateSignedCLR__Genus__Butyricimonas.Family__Marinifilaceae","Value ~ Timepoint_Factor + (1|Patient_ID)","Timepoint_FactorDay 3",0.292650624429217,0.482308961555954,17,-0.724932335990145,1.31023358484858,0.552021632518392,29,10,"PASS",0.887061621020738
"T03_PRJNA691455_Sepsis_Longitudinal","CandidateSignedCLR__Genus__Butyricimonas.Family__Marinifilaceae","Value ~ Timepoint_Factor + (1|Patient_ID)","Timepoint_FactorDay 7",0.386155525614559,0.46393842322311,17,-0.592668986856984,1.3649800380861,0.416755784046042,29,10,"PASS",0.833511568092084
"T03_PRJNA691455_Sepsis_Longitudinal","CandidateSignedCLR__Genus__Parabacteroides.Family__Tannerellaceae","Value ~ Timepoint_Factor + (1|Patient_ID)","(Intercept)",5.49616831820332,0.819676544088069,17,3.76680197670174,7.22553465970491,3.6940248093323e-06,29,10,"PASS",NA
"T03_PRJNA691455_Sepsis_Longitudinal","CandidateSignedCLR__Genus__Parabacteroides.Family__Tannerellaceae","Value ~ Timepoint_Factor + (1|Patient_ID)","Timepoint_FactorDay 3",0.281310703607029,0.537688607452576,17,-0.853113096419919,1.41573450363398,0.607598191699109,29,10,"PASS",0.887061621020738
"T03_PRJNA691455_Sepsis_Longitudinal","CandidateSignedCLR__Genus__Parabacteroides.Family__Tannerellaceae","Value ~ Timepoint_Factor + (1|Patient_ID)","Timepoint_FactorDay 7",0.358680912584419,0.517328552390419,17,-0.732786926106846,1.45014875127568,0.497464990550953,29,10,"PASS",0.887061621020738
"T03_PRJNA691455_Sepsis_Longitudinal","CandidateSignedCLR__Genus__Hoylesella.Family__Prevotellaceae","Value ~ Timepoint_Factor + (1|Patient_ID)","(Intercept)",-0.25025164005443,0.649049668463327,17,-1.61962674136591,1.11912346125705,0.704600024496956,29,10,"PASS",NA
"T03_PRJNA691455_Sepsis_Longitudinal","CandidateSignedCLR__Genus__Hoylesella.Family__Prevotellaceae","Value ~ Timepoint_Factor + (1|Patient_ID)","Timepoint_FactorDay 3",0.412395230867238,0.758229185909857,17,-1.18732851713325,2.01211897886773,0.593577500091113,29,10,"PASS",0.887061621020738
"T03_PRJNA691455_Sepsis_Longitudinal","CandidateSignedCLR__Genus__Hoylesella.Family__Prevotellaceae","Value ~ Timepoint_Factor + (1|Patient_ID)","Timepoint_FactorDay 7",0.263681406148837,0.732892849474386,17,-1.28258734455487,1.80995015685254,0.72344100597093,29,10,"PASS",0.887061621020738
"T03_PRJNA691455_Sepsis_Longitudinal","CandidateSignedCLR__Genus__Campylobacter.Family__Campylobacteraceae","Value ~ Timepoint_Factor + (1|Patient_ID)","(Intercept)",-0.744072870132371,0.599593246946791,17,-2.00910404290437,0.520958302639627,0.231472185117535,29,10,"PASS",NA
"T03_PRJNA691455_Sepsis_Longitudinal","CandidateSignedCLR__Genus__Campylobacter.Family__Campylobacteraceae","Value ~ Timepoint_Factor + (1|Patient_ID)","Timepoint_FactorDay 3",0.182893573207911,0.598894451714321,17,-1.08066327049691,1.44645041691273,0.763780286293961,29,10,"PASS",0.887061621020738
"T03_PRJNA691455_Sepsis_Longitudinal","CandidateSignedCLR__Genus__Campylobacter.Family__Campylobacteraceae","Value ~ Timepoint_Factor + (1|Patient_ID)","Timepoint_FactorDay 7",0.265764856165811,0.577641018567613,17,-0.952951163203644,1.48448087553527,0.651284068929058,29,10,"PASS",0.887061621020738
"T03_PRJNA691455_Sepsis_Longitudinal","CandidateSignedCLR__Genus__Atopobium.Family__Atopobiaceae","Value ~ Timepoint_Factor + (1|Patient_ID)","(Intercept)",1.12700021016858,0.131393508697302,17,0.849784138692838,1.40421628164433,1.39566489516471e-07,29,10,"PASS",NA
"T03_PRJNA691455_Sepsis_Longitudinal","CandidateSignedCLR__Genus__Atopobium.Family__Atopobiaceae","Value ~ Timepoint_Factor + (1|Patient_ID)","Timepoint_FactorDay 3",-0.288613042138335,0.131625238060118,17,-0.56631801983359,-0.0109080644430795,0.0425317523835944,29,10,"PASS",0.311899517479692
"T03_PRJNA691455_Sepsis_Longitudinal","CandidateSignedCLR__Genus__Atopobium.Family__Atopobiaceae","Value ~ Timepoint_Factor + (1|Patient_ID)","Timepoint_FactorDay 7",-0.303858250982304,0.126957987578599,17,-0.571716190906002,-0.0360003110586064,0.0285056907851484,29,10,"PASS",0.311899517479692
"T04_PRJNA430161_Intervention","Alpha_Observed","Value ~ Timepoint_Factor * Arm_Factor + (1|Patient_ID)","(Intercept)",30.5,5.43689401787637,13,18.7543045752698,42.2456954247301,8.48362851214427e-05,26,9,"PASS",NA
"T04_PRJNA430161_Intervention","Alpha_Observed","Value ~ Timepoint_Factor * Arm_Factor + (1|Patient_ID)","Timepoint_FactorDay 7",-9.24999999999999,5.20634770760442,13,-20.4976304021555,1.99763040215551,0.0990139838665886,26,9,"PASS",0.651553731932156
"T04_PRJNA430161_Intervention","Alpha_Observed","Value ~ Timepoint_Factor * Arm_Factor + (1|Patient_ID)","Timepoint_FactorDay 28",-0.750000000000007,5.20634770760443,13,-11.9976304021555,10.4976304021555,0.887666294132684,26,9,"PASS",0.993586432248308
"T04_PRJNA430161_Intervention","Alpha_Observed","Value ~ Timepoint_Factor * Arm_Factor + (1|Patient_ID)","Arm_FactorProbiotic",-5.90000000000001,7.29435876626011,7,-23.1484176385171,11.3484176385171,0.445221387117204,26,9,"PASS",0.848040737366102
"T04_PRJNA430161_Intervention","Alpha_Observed","Value ~ Timepoint_Factor * Arm_Factor + (1|Patient_ID)","Timepoint_FactorDay 7:Arm_FactorProbiotic",8.25,6.98504843322222,13,-6.84027969900781,23.3402796990078,0.258722971720571,26,9,"PASS",0.761900272365845
"T04_PRJNA430161_Intervention","Alpha_Observed","Value ~ Timepoint_Factor * Arm_Factor + (1|Patient_ID)","Timepoint_FactorDay 28:Arm_FactorProbiotic",12.713210782402,7.24249251398296,13,-2.93324303947315,28.3596646042772,0.102716794693509,26,9,"PASS",0.651553731932156
"T04_PRJNA430161_Intervention","Alpha_Shannon","Value ~ Timepoint_Factor * Arm_Factor + (1|Patient_ID)","(Intercept)",2.2233420251051,0.341578331364744,13,1.48540690429784,2.96127714591235,1.9755774021627e-05,26,9,"PASS",NA
"T04_PRJNA430161_Intervention","Alpha_Shannon","Value ~ Timepoint_Factor * Arm_Factor + (1|Patient_ID)","Timepoint_FactorDay 7",-0.537275500898334,0.384508562052296,13,-1.36795574649769,0.293404744701026,0.185714921010564,26,9,"PASS",0.675326985492961
"T04_PRJNA430161_Intervention","Alpha_Shannon","Value ~ Timepoint_Factor * Arm_Factor + (1|Patient_ID)","Timepoint_FactorDay 28",-0.0765801692329564,0.384508562052296,13,-0.907260414832316,0.754100076366403,0.845215903934421,26,9,"PASS",0.993586432248308
"T04_PRJNA430161_Intervention","Alpha_Shannon","Value ~ Timepoint_Factor * Arm_Factor + (1|Patient_ID)","Arm_FactorProbiotic",-0.506163445955817,0.458275421143509,7,-1.58981262070066,0.577485728789021,0.305891116099826,26,9,"PASS",0.764727790249565
"T04_PRJNA430161_Intervention","Alpha_Shannon","Value ~ Timepoint_Factor * Arm_Factor + (1|Patient_ID)","Timepoint_FactorDay 7:Arm_FactorProbiotic",0.504380933683466,0.515872369607778,13,-0.610093564352367,1.6188554317193,0.346055511563574,26,9,"PASS",0.76486087653303
"T04_PRJNA430161_Intervention","Alpha_Shannon","Value ~ Timepoint_Factor * Arm_Factor + (1|Patient_ID)","Timepoint_FactorDay 28:Arm_FactorProbiotic",0.810815072497294,0.533735566776771,13,-0.342250516806646,1.96388066180123,0.152669715104199,26,9,"PASS",0.651553731932156
"T04_PRJNA430161_Intervention","Alpha_InverseSimpson","Value ~ Timepoint_Factor * Arm_Factor + (1|Patient_ID)","(Intercept)",5.77448593264035,1.59325900110403,13,2.33245912502798,9.21651274025272,0.00308500778028449,26,9,"PASS",NA
"T04_PRJNA430161_Intervention","Alpha_InverseSimpson","Value ~ Timepoint_Factor * Arm_Factor + (1|Patient_ID)","Timepoint_FactorDay 7",-1.99552910861465,1.34899642423566,13,-4.90985870121375,0.918800483984443,0.162888432983039,26,9,"PASS",0.651553731932156
"T04_PRJNA430161_Intervention","Alpha_InverseSimpson","Value ~ Timepoint_Factor * Arm_Factor + (1|Patient_ID)","Timepoint_FactorDay 28",-0.0718520361004767,1.34899642423566,13,-2.98618162869957,2.84247755649862,0.958331907419085,26,9,"PASS",0.993586432248308
"T04_PRJNA430161_Intervention","Alpha_InverseSimpson","Value ~ Timepoint_Factor * Arm_Factor + (1|Patient_ID)","Arm_FactorProbiotic",-1.08133458541264,2.13758125933922,7,-6.1359110709964,3.97324190017112,0.628486760118694,26,9,"PASS",0.93109149647214
"T04_PRJNA430161_Intervention","Alpha_InverseSimpson","Value ~ Timepoint_Factor * Arm_Factor + (1|Patient_ID)","Timepoint_FactorDay 7:Arm_FactorProbiotic",1.12648627899957,1.80986862359704,13,-2.78349716773494,5.03646972573408,0.544433432459485,26,9,"PASS",0.93109149647214
"T04_PRJNA430161_Intervention","Alpha_InverseSimpson","Value ~ Timepoint_Factor * Arm_Factor + (1|Patient_ID)","Timepoint_FactorDay 28:Arm_FactorProbiotic",2.81921407706825,1.87849012119791,13,-1.2390171022427,6.87744525637921,0.157302823657019,26,9,"PASS",0.651553731932156
"T04_PRJNA430161_Intervention","SDI_Equal_Balance","Value ~ Timepoint_Factor * Arm_Factor + (1|Patient_ID)","(Intercept)",2.12133829956184,0.823026441733671,13,0.343297771400318,3.89937882772336,0.0229658108441038,26,9,"PASS",NA
"T04_PRJNA430161_Intervention","SDI_Equal_Balance","Value ~ Timepoint_Factor * Arm_Factor + (1|Patient_ID)","Timepoint_FactorDay 7",0.0532816174740668,0.761935998251165,13,-1.59278103137844,1.69934426632657,0.945314231053511,26,9,"PASS",0.993586432248308
"T04_PRJNA430161_Intervention","SDI_Equal_Balance","Value ~ Timepoint_Factor * Arm_Factor + (1|Patient_ID)","Timepoint_FactorDay 28",0.407959807049609,0.761935998251165,13,-1.2381028418029,2.05402245590211,0.60139585722416,26,9,"PASS",0.93109149647214
"T04_PRJNA430161_Intervention","SDI_Equal_Balance","Value ~ Timepoint_Factor * Arm_Factor + (1|Patient_ID)","Arm_FactorProbiotic",-1.13373981767859,1.10420584259775,7,-3.74477173183568,1.47729209647851,0.33870556621115,26,9,"PASS",0.76486087653303
"T04_PRJNA430161_Intervention","SDI_Equal_Balance","Value ~ Timepoint_Factor * Arm_Factor + (1|Patient_ID)","Timepoint_FactorDay 7:Arm_FactorProbiotic",0.000570482238284191,1.02224441195626,13,-2.20785430459626,2.20899526907283,0.999563198841553,26,9,"PASS",0.999563198841553
"T04_PRJNA430161_Intervention","SDI_Equal_Balance","Value ~ Timepoint_Factor * Arm_Factor + (1|Patient_ID)","Timepoint_FactorDay 28:Arm_FactorProbiotic",0.0754720630135915,1.06025944041671,13,-2.21507919978144,2.36602332580862,0.944335832892825,26,9,"PASS",0.993586432248308
"T04_PRJNA430161_Intervention","SDI_MetaWeighted_Balance","Value ~ Timepoint_Factor * Arm_Factor + (1|Patient_ID)","(Intercept)",1.96575432583453,0.808430066577755,13,0.219247349057818,3.71226130261124,0.0302416772569955,26,9,"PASS",NA
"T04_PRJNA430161_Intervention","SDI_MetaWeighted_Balance","Value ~ Timepoint_Factor * Arm_Factor + (1|Patient_ID)","Timepoint_FactorDay 7",-0.235156461358917,0.812789245796462,13,-1.99108087228763,1.52076794956979,0.776898795314695,26,9,"PASS",0.993586432248308
"T04_PRJNA430161_Intervention","SDI_MetaWeighted_Balance","Value ~ Timepoint_Factor * Arm_Factor + (1|Patient_ID)","Timepoint_FactorDay 28",0.133949881797599,0.812789245796462,13,-1.62197452913111,1.88987429272631,0.871634260471686,26,9,"PASS",0.993586432248308
"T04_PRJNA430161_Intervention","SDI_MetaWeighted_Balance","Value ~ Timepoint_Factor * Arm_Factor + (1|Patient_ID)","Arm_FactorProbiotic",-1.05454052880107,1.08462275035352,7,-3.61926578811628,1.51018473051414,0.363308916353189,26,9,"PASS",0.76486087653303
"T04_PRJNA430161_Intervention","SDI_MetaWeighted_Balance","Value ~ Timepoint_Factor * Arm_Factor + (1|Patient_ID)","Timepoint_FactorDay 7:Arm_FactorProbiotic",0.186381912518434,1.090471202989,13,-2.16943789519429,2.54220172023115,0.866919291493051,26,9,"PASS",0.993586432248308
"T04_PRJNA430161_Intervention","SDI_MetaWeighted_Balance","Value ~ Timepoint_Factor * Arm_Factor + (1|Patient_ID)","Timepoint_FactorDay 28:Arm_FactorProbiotic",0.144889754174323,1.1300670944236,13,-2.2964717763184,2.58625128466704,0.899942311478261,26,9,"PASS",0.993586432248308
"T04_PRJNA430161_Intervention","CandidateSignedCLR__Genus__Bilophila.Family__Desulfovibrionaceae","Value ~ Timepoint_Factor * Arm_Factor + (1|Patient_ID)","(Intercept)",2.38107964303184,0.991057867189192,13,0.240029290015446,4.52212999604823,0.0319313964214212,26,9,"PASS",NA
"T04_PRJNA430161_Intervention","CandidateSignedCLR__Genus__Bilophila.Family__Desulfovibrionaceae","Value ~ Timepoint_Factor * Arm_Factor + (1|Patient_ID)","Timepoint_FactorDay 7",-2.20915332594485,1.40147474961006,13,-5.23685544782647,0.818548795936765,0.138969352858719,26,9,"PASS",0.651553731932156
"T04_PRJNA430161_Intervention","CandidateSignedCLR__Genus__Bilophila.Family__Desulfovibrionaceae","Value ~ Timepoint_Factor * Arm_Factor + (1|Patient_ID)","Timepoint_FactorDay 28",-2.48748674818085,1.40147474961006,13,-5.51518887006247,0.540215373700766,0.0993170283754461,26,9,"PASS",0.651553731932156
"T04_PRJNA430161_Intervention","CandidateSignedCLR__Genus__Bilophila.Family__Desulfovibrionaceae","Value ~ Timepoint_Factor * Arm_Factor + (1|Patient_ID)","Arm_FactorProbiotic",-2.63122042670856,1.32964365640259,7,-5.77532806261464,0.512887209197519,0.088326022588535,26,9,"PASS",0.651553731932156
"T04_PRJNA430161_Intervention","CandidateSignedCLR__Genus__Bilophila.Family__Desulfovibrionaceae","Value ~ Timepoint_Factor * Arm_Factor + (1|Patient_ID)","Timepoint_FactorDay 7:Arm_FactorProbiotic",2.11820436290963,1.88027568532656,13,-1.94388429317896,6.18029301899822,0.280303485108943,26,9,"PASS",0.761900272365845
"T04_PRJNA430161_Intervention","CandidateSignedCLR__Genus__Bilophila.Family__Desulfovibrionaceae","Value ~ Timepoint_Factor * Arm_Factor + (1|Patient_ID)","Timepoint_FactorDay 28:Arm_FactorProbiotic",0.988620331664454,1.93180635291855,13,-3.18479356353648,5.16203422686539,0.617401247712908,26,9,"PASS",0.93109149647214
"T04_PRJNA430161_Intervention","CandidateSignedCLR__Genus__Butyricimonas.Family__Marinifilaceae","Value ~ Timepoint_Factor * Arm_Factor + (1|Patient_ID)","MODEL_NOT_FIT",NA,NA,NA,NA,NA,NA,0,0,"INSUFFICIENT_OR_ZERO_VARIANCE",NA
"T04_PRJNA430161_Intervention","CandidateSignedCLR__Genus__Parabacteroides.Family__Tannerellaceae","Value ~ Timepoint_Factor * Arm_Factor + (1|Patient_ID)","(Intercept)",3.35019216401064,1.39215749381189,13,0.342618749519643,6.35776557850164,0.0316983869254844,26,9,"PASS",NA
"T04_PRJNA430161_Intervention","CandidateSignedCLR__Genus__Parabacteroides.Family__Tannerellaceae","Value ~ Timepoint_Factor * Arm_Factor + (1|Patient_ID)","Timepoint_FactorDay 7",2.71535630235497,1.55369777019306,13,-0.641203661986251,6.0719162666962,0.104082835130379,26,9,"PASS",0.651553731932156
"T04_PRJNA430161_Intervention","CandidateSignedCLR__Genus__Parabacteroides.Family__Tannerellaceae","Value ~ Timepoint_Factor * Arm_Factor + (1|Patient_ID)","Timepoint_FactorDay 28",2.52118436010351,1.55369777019306,13,-0.835375604237716,5.87774432444473,0.128642817015165,26,9,"PASS",0.651553731932156
"T04_PRJNA430161_Intervention","CandidateSignedCLR__Genus__Parabacteroides.Family__Tannerellaceae","Value ~ Timepoint_Factor * Arm_Factor + (1|Patient_ID)","Arm_FactorProbiotic",-2.57521233662104,1.86777527492948,7,-6.99179904824465,1.84137437500258,0.210415135549349,26,9,"PASS",0.701383785164497
"T04_PRJNA430161_Intervention","CandidateSignedCLR__Genus__Parabacteroides.Family__Tannerellaceae","Value ~ Timepoint_Factor * Arm_Factor + (1|Patient_ID)","Timepoint_FactorDay 7:Arm_FactorProbiotic",-1.52258162045085,2.08450429838492,13,-6.0258793709436,2.9807161300419,0.478085986819182,26,9,"PASS",0.86924724876215
"T04_PRJNA430161_Intervention","CandidateSignedCLR__Genus__Parabacteroides.Family__Tannerellaceae","Value ~ Timepoint_Factor * Arm_Factor + (1|Patient_ID)","Timepoint_FactorDay 28:Arm_FactorProbiotic",-1.23287558856492,2.15700627903675,13,-5.89280434558935,3.42705316845951,0.577363890918684,26,9,"PASS",0.93109149647214
"T04_PRJNA430161_Intervention","CandidateSignedCLR__Genus__Hoylesella.Family__Prevotellaceae","Value ~ Timepoint_Factor * Arm_Factor + (1|Patient_ID)","MODEL_NOT_FIT",NA,NA,NA,NA,NA,NA,0,0,"INSUFFICIENT_OR_ZERO_VARIANCE",NA
"T04_PRJNA430161_Intervention","CandidateSignedCLR__Genus__Campylobacter.Family__Campylobacteraceae","Value ~ Timepoint_Factor * Arm_Factor + (1|Patient_ID)","(Intercept)",-0.849987850879095,1.3343280363919,13,-3.73262831813969,2.0326526163815,0.535172120114679,26,9,"PASS",NA
"T04_PRJNA430161_Intervention","CandidateSignedCLR__Genus__Campylobacter.Family__Campylobacteraceae","Value ~ Timepoint_Factor * Arm_Factor + (1|Patient_ID)","Timepoint_FactorDay 7",0.0606909889265178,1.51950248091826,13,-3.22199454426674,3.34337652211978,0.968746771442101,26,9,"PASS",0.993586432248308
"T04_PRJNA430161_Intervention","CandidateSignedCLR__Genus__Campylobacter.Family__Campylobacteraceae","Value ~ Timepoint_Factor * Arm_Factor + (1|Patient_ID)","Timepoint_FactorDay 28",1.25606889283438,1.51950248091826,13,-2.02661664035888,4.53875442602764,0.423358999026399,26,9,"PASS",0.846717998052797
"T04_PRJNA430161_Intervention","CandidateSignedCLR__Genus__Campylobacter.Family__Campylobacteraceae","Value ~ Timepoint_Factor * Arm_Factor + (1|Patient_ID)","Arm_FactorProbiotic",2.06896605184753,1.79018891619366,7,-2.16415807431659,6.30209017801165,0.285712602137192,26,9,"PASS",0.761900272365845
"T04_PRJNA430161_Intervention","CandidateSignedCLR__Genus__Campylobacter.Family__Campylobacteraceae","Value ~ Timepoint_Factor * Arm_Factor + (1|Patient_ID)","Timepoint_FactorDay 7:Arm_FactorProbiotic",-0.938579443183012,2.03862650358768,13,-5.34276424376818,3.46560535740215,0.652837065581077,26,9,"PASS",0.932624379401538
"T04_PRJNA430161_Intervention","CandidateSignedCLR__Genus__Campylobacter.Family__Campylobacteraceae","Value ~ Timepoint_Factor * Arm_Factor + (1|Patient_ID)","Timepoint_FactorDay 28:Arm_FactorProbiotic",-0.624440487970493,2.10877889930731,13,-5.18018032544412,3.93129934950313,0.771819839463214,26,9,"PASS",0.993586432248308
"T04_PRJNA430161_Intervention","CandidateSignedCLR__Genus__Atopobium.Family__Atopobiaceae","Value ~ Timepoint_Factor * Arm_Factor + (1|Patient_ID)","MODEL_NOT_FIT",NA,NA,NA,NA,NA,NA,0,0,"INSUFFICIENT_OR_ZERO_VARIANCE",NA
"T06_PRJNA912621_Cholestasis_Longitudinal","Alpha_Observed","Value ~ Timepoint_Factor * Status_Factor + (1|Patient_ID)","(Intercept)",71,11.4584344020964,34,47.7136596009623,94.2863403990377,4.79483800004159e-07,58,20,"PASS",NA
"T06_PRJNA912621_Cholestasis_Longitudinal","Alpha_Observed","Value ~ Timepoint_Factor * Status_Factor + (1|Patient_ID)","Timepoint_FactorDay 3",-8.99999999999998,11.9737476658934,34,-33.3335829499677,15.3335829499677,0.457436737834835,58,20,"PASS",0.908907741315516
"T06_PRJNA912621_Cholestasis_Longitudinal","Alpha_Observed","Value ~ Timepoint_Factor * Status_Factor + (1|Patient_ID)","Timepoint_FactorDay 7",18.7544704602294,12.4025299498482,34,-6.45050293199814,43.9594438524569,0.139736211409744,58,20,"PASS",0.716784175581646
"T06_PRJNA912621_Cholestasis_Longitudinal","Alpha_Observed","Value ~ Timepoint_Factor * Status_Factor + (1|Patient_ID)","Status_FactorYes",4.70000000000001,16.2046733350072,18,-29.3447553644229,38.7447553644229,0.775100581566107,58,20,"PASS",0.908907741315516
"T06_PRJNA912621_Cholestasis_Longitudinal","Alpha_Observed","Value ~ Timepoint_Factor * Status_Factor + (1|Patient_ID)","Timepoint_FactorDay 3:Status_FactorYes",11.9,16.9334363415396,34,-22.5128830289751,46.3128830289751,0.486994657369666,58,20,"PASS",0.908907741315516
"T06_PRJNA912621_Cholestasis_Longitudinal","Alpha_Observed","Value ~ Timepoint_Factor * Status_Factor + (1|Patient_ID)","Timepoint_FactorDay 7:Status_FactorYes",-35.8109335116767,17.5398260628138,34,-71.4561487222178,-0.16571830113552,0.0490023582192599,58,20,"PASS",0.373171092096623
"T06_PRJNA912621_Cholestasis_Longitudinal","Alpha_Shannon","Value ~ Timepoint_Factor * Status_Factor + (1|Patient_ID)","(Intercept)",2.07248702127404,0.314237570832819,34,1.43387944332771,2.71109459922038,1.46774008460495e-07,58,20,"PASS",NA
"T06_PRJNA912621_Cholestasis_Longitudinal","Alpha_Shannon","Value ~ Timepoint_Factor * Status_Factor + (1|Patient_ID)","Timepoint_FactorDay 3",-0.0996517738253806,0.290930560792415,34,-0.69089380858849,0.491590260937729,0.734062390922679,58,20,"PASS",0.908907741315516
"T06_PRJNA912621_Cholestasis_Longitudinal","Alpha_Shannon","Value ~ Timepoint_Factor * Status_Factor + (1|Patient_ID)","Timepoint_FactorDay 7",0.643478300600143,0.301749465288801,34,0.0302496065774192,1.25670699462287,0.0402711857275043,58,20,"PASS",0.369152535835456
"T06_PRJNA912621_Cholestasis_Longitudinal","Alpha_Shannon","Value ~ Timepoint_Factor * Status_Factor + (1|Patient_ID)","Status_FactorYes",-0.0687088074187931,0.444399034478949,18,-1.00235653361745,0.864938918779868,0.878848723154159,58,20,"PASS",0.947778034774093
"T06_PRJNA912621_Cholestasis_Longitudinal","Alpha_Shannon","Value ~ Timepoint_Factor * Status_Factor + (1|Patient_ID)","Timepoint_FactorDay 3:Status_FactorYes",-0.350863563124757,0.411437944781443,34,-1.18700606733181,0.485278941082298,0.399752326893461,58,20,"PASS",0.908907741315516
"T06_PRJNA912621_Cholestasis_Longitudinal","Alpha_Shannon","Value ~ Timepoint_Factor * Status_Factor + (1|Patient_ID)","Timepoint_FactorDay 7:Status_FactorYes",-1.36009128518201,0.426738186250252,34,-2.22732762110529,-0.492854949258734,0.00307696341517328,58,20,"PASS",0.16923298783453
"T06_PRJNA912621_Cholestasis_Longitudinal","Alpha_InverseSimpson","Value ~ Timepoint_Factor * Status_Factor + (1|Patient_ID)","(Intercept)",7.51748963415549,1.5754460824827,34,4.31579798330391,10.7191812850071,3.38968083565857e-05,58,20,"PASS",NA
"T06_PRJNA912621_Cholestasis_Longitudinal","Alpha_InverseSimpson","Value ~ Timepoint_Factor * Status_Factor + (1|Patient_ID)","Timepoint_FactorDay 3",-2.20014550977124,1.55764609630045,34,-5.36566323643801,0.965372216895538,0.166896925499494,58,20,"PASS",0.76494424187268
"T06_PRJNA912621_Cholestasis_Longitudinal","Alpha_InverseSimpson","Value ~ Timepoint_Factor * Status_Factor + (1|Patient_ID)","Timepoint_FactorDay 7",3.53557112451762,1.61451307141889,34,0.254485799904896,6.81665644913034,0.0354918961477925,58,20,"PASS",0.369152535835456
"T06_PRJNA912621_Cholestasis_Longitudinal","Alpha_InverseSimpson","Value ~ Timepoint_Factor * Status_Factor + (1|Patient_ID)","Status_FactorYes",-2.94190791691963,2.2280172166346,18,-7.62279839338375,1.7389825595445,0.203240851163595,58,20,"PASS",0.856761294074447
"T06_PRJNA912621_Cholestasis_Longitudinal","Alpha_InverseSimpson","Value ~ Timepoint_Factor * Status_Factor + (1|Patient_ID)","Timepoint_FactorDay 3:Status_FactorYes",1.11435836466865,2.20284423476561,34,-3.36235973631595,5.59107646565325,0.616210459727699,58,20,"PASS",0.908907741315516
"T06_PRJNA912621_Cholestasis_Longitudinal","Alpha_InverseSimpson","Value ~ Timepoint_Factor * Status_Factor + (1|Patient_ID)","Timepoint_FactorDay 7:Status_FactorYes",-5.47119970777435,2.28326628222923,34,-10.111355073145,-0.831044342403719,0.0222122737691509,58,20,"PASS",0.369152535835456
"T06_PRJNA912621_Cholestasis_Longitudinal","SDI_Equal_Balance","Value ~ Timepoint_Factor * Status_Factor + (1|Patient_ID)","(Intercept)",1.29251889802016,0.824554885609185,34,-0.383178240890209,2.96821603693052,0.12625070093494,58,20,"PASS",NA
"T06_PRJNA912621_Cholestasis_Longitudinal","SDI_Equal_Balance","Value ~ Timepoint_Factor * Status_Factor + (1|Patient_ID)","Timepoint_FactorDay 3",0.761154409786416,1.10688540001012,34,-1.48830736682809,3.01061618640093,0.496335217601575,58,20,"PASS",0.908907741315516
"T06_PRJNA912621_Cholestasis_Longitudinal","SDI_Equal_Balance","Value ~ Timepoint_Factor * Status_Factor + (1|Patient_ID)","Timepoint_FactorDay 7",-0.252118363585513,1.13990872976457,34,-2.5686916207729,2.06445489360188,0.826279764832287,58,20,"PASS",0.908907741315516
"T06_PRJNA912621_Cholestasis_Longitudinal","SDI_Equal_Balance","Value ~ Timepoint_Factor * Status_Factor + (1|Patient_ID)","Status_FactorYes",-0.0849486837091041,1.16609670214951,18,-2.53482694630739,2.36492957888918,0.942729880491067,58,20,"PASS",0.960555207189
"T06_PRJNA912621_Cholestasis_Longitudinal","SDI_Equal_Balance","Value ~ Timepoint_Factor * Status_Factor + (1|Patient_ID)","Timepoint_FactorDay 3:Status_FactorYes",-0.848914816154701,1.56537234468708,34,-4.03013416868282,2.33230453637342,0.591143050048664,58,20,"PASS",0.908907741315516
"T06_PRJNA912621_Cholestasis_Longitudinal","SDI_Equal_Balance","Value ~ Timepoint_Factor * Status_Factor + (1|Patient_ID)","Timepoint_FactorDay 7:Status_FactorYes",1.25560270719399,1.61207438550055,34,-2.02052661135123,4.53173202573921,0.441441488278086,58,20,"PASS",0.908907741315516
"T06_PRJNA912621_Cholestasis_Longitudinal","SDI_MetaWeighted_Balance","Value ~ Timepoint_Factor * Status_Factor + (1|Patient_ID)","(Intercept)",1.01148403817127,0.827052934602758,34,-0.669289747090294,2.69225782343283,0.229740036392561,58,20,"PASS",NA
"T06_PRJNA912621_Cholestasis_Longitudinal","SDI_MetaWeighted_Balance","Value ~ Timepoint_Factor * Status_Factor + (1|Patient_ID)","Timepoint_FactorDay 3",0.647071050429904,1.10400770246254,34,-1.59654254114406,2.89068464200386,0.56167203503068,58,20,"PASS",0.908907741315516
"T06_PRJNA912621_Cholestasis_Longitudinal","SDI_MetaWeighted_Balance","Value ~ Timepoint_Factor * Status_Factor + (1|Patient_ID)","Timepoint_FactorDay 7",-0.313129753124309,1.13719155697328,34,-2.62418105082572,1.9979215445771,0.784711161807196,58,20,"PASS",0.908907741315516
"T06_PRJNA912621_Cholestasis_Longitudinal","SDI_MetaWeighted_Balance","Value ~ Timepoint_Factor * Status_Factor + (1|Patient_ID)","Status_FactorYes",-0.267922703192282,1.16962947691569,18,-2.72522305016005,2.18937764377548,0.821399885481669,58,20,"PASS",0.908907741315516
"T06_PRJNA912621_Cholestasis_Longitudinal","SDI_MetaWeighted_Balance","Value ~ Timepoint_Factor * Status_Factor + (1|Patient_ID)","Timepoint_FactorDay 3:Status_FactorYes",-0.538456099036762,1.56130266578688,34,-3.71140486896527,2.63449267089174,0.732311840198616,58,20,"PASS",0.908907741315516
"T06_PRJNA912621_Cholestasis_Longitudinal","SDI_MetaWeighted_Balance","Value ~ Timepoint_Factor * Status_Factor + (1|Patient_ID)","Timepoint_FactorDay 7:Status_FactorYes",1.59897699629734,1.60823172288779,34,-1.66934309225194,4.86729708484662,0.327127039555698,58,20,"PASS",0.856761294074447
"T06_PRJNA912621_Cholestasis_Longitudinal","CandidateSignedCLR__Genus__Bilophila.Family__Desulfovibrionaceae","Value ~ Timepoint_Factor * Status_Factor + (1|Patient_ID)","(Intercept)",1.90434579609611,0.786913321184923,34,0.30514551980908,3.50354607238314,0.0210140427453984,58,20,"PASS",NA
"T06_PRJNA912621_Cholestasis_Longitudinal","CandidateSignedCLR__Genus__Bilophila.Family__Desulfovibrionaceae","Value ~ Timepoint_Factor * Status_Factor + (1|Patient_ID)","Timepoint_FactorDay 3",-0.472478821179798,0.949173005228681,34,-2.40143044944838,1.45647280708879,0.621843909060817,58,20,"PASS",0.908907741315516
"T06_PRJNA912621_Cholestasis_Longitudinal","CandidateSignedCLR__Genus__Bilophila.Family__Desulfovibrionaceae","Value ~ Timepoint_Factor * Status_Factor + (1|Patient_ID)","Timepoint_FactorDay 7",0.224196338140418,0.980663398294305,34,-1.76875146853204,2.21714414481287,0.820536116791559,58,20,"PASS",0.908907741315516
"T06_PRJNA912621_Cholestasis_Longitudinal","CandidateSignedCLR__Genus__Bilophila.Family__Desulfovibrionaceae","Value ~ Timepoint_Factor * Status_Factor + (1|Patient_ID)","Status_FactorYes",0.0300185002853974,1.11286349123177,18,-2.30802093622302,2.36805793679382,0.978777194532591,58,20,"PASS",0.978777194532591
"T06_PRJNA912621_Cholestasis_Longitudinal","CandidateSignedCLR__Genus__Bilophila.Family__Desulfovibrionaceae","Value ~ Timepoint_Factor * Status_Factor + (1|Patient_ID)","Timepoint_FactorDay 3:Status_FactorYes",-0.387619269568027,1.34233333703283,34,-3.11556882342713,2.34033028429107,0.774514324586198,58,20,"PASS",0.908907741315516
"T06_PRJNA912621_Cholestasis_Longitudinal","CandidateSignedCLR__Genus__Bilophila.Family__Desulfovibrionaceae","Value ~ Timepoint_Factor * Status_Factor + (1|Patient_ID)","Timepoint_FactorDay 7:Status_FactorYes",-0.0997372176139812,1.38686747799069,34,-2.91819103491188,2.71871659968392,0.943090567058291,58,20,"PASS",0.960555207189
"T06_PRJNA912621_Cholestasis_Longitudinal","CandidateSignedCLR__Genus__Butyricimonas.Family__Marinifilaceae","Value ~ Timepoint_Factor * Status_Factor + (1|Patient_ID)","(Intercept)",1.69194178257497,0.812373615213033,34,0.0409999635436997,3.34288360160624,0.0448705466442221,58,20,"PASS",NA
"T06_PRJNA912621_Cholestasis_Longitudinal","CandidateSignedCLR__Genus__Butyricimonas.Family__Marinifilaceae","Value ~ Timepoint_Factor * Status_Factor + (1|Patient_ID)","Timepoint_FactorDay 3",0.350862429313704,0.999774023844156,34,-1.68092284120206,2.38264769982947,0.7277973531773,58,20,"PASS",0.908907741315516
"T06_PRJNA912621_Cholestasis_Longitudinal","CandidateSignedCLR__Genus__Butyricimonas.Family__Marinifilaceae","Value ~ Timepoint_Factor * Status_Factor + (1|Patient_ID)","Timepoint_FactorDay 7",0.0852687337713667,1.03243597608794,34,-2.01289360985543,2.18343107739816,0.934661992785763,58,20,"PASS",0.960555207189
"T06_PRJNA912621_Cholestasis_Longitudinal","CandidateSignedCLR__Genus__Butyricimonas.Family__Marinifilaceae","Value ~ Timepoint_Factor * Status_Factor + (1|Patient_ID)","Status_FactorYes",-0.314904550396298,1.14886978434833,18,-2.72859040170068,2.09878130090808,0.787128996878643,58,20,"PASS",0.908907741315516
"T06_PRJNA912621_Cholestasis_Longitudinal","CandidateSignedCLR__Genus__Butyricimonas.Family__Marinifilaceae","Value ~ Timepoint_Factor * Status_Factor + (1|Patient_ID)","Timepoint_FactorDay 3:Status_FactorYes",-1.43298874365469,1.41389398382873,34,-4.30636702904798,1.4403895417386,0.317977463577108,58,20,"PASS",0.856761294074447
"T06_PRJNA912621_Cholestasis_Longitudinal","CandidateSignedCLR__Genus__Butyricimonas.Family__Marinifilaceae","Value ~ Timepoint_Factor * Status_Factor + (1|Patient_ID)","Timepoint_FactorDay 7:Status_FactorYes",-0.468718714961283,1.46008495966547,34,-3.43596835737881,2.49853092745625,0.75015909029821,58,20,"PASS",0.908907741315516
"T06_PRJNA912621_Cholestasis_Longitudinal","CandidateSignedCLR__Genus__Parabacteroides.Family__Tannerellaceae","Value ~ Timepoint_Factor * Status_Factor + (1|Patient_ID)","(Intercept)",3.35100741230747,0.952252367042147,34,1.41579776790127,5.28621705671368,0.00125349879353062,58,20,"PASS",NA
"T06_PRJNA912621_Cholestasis_Longitudinal","CandidateSignedCLR__Genus__Parabacteroides.Family__Tannerellaceae","Value ~ Timepoint_Factor * Status_Factor + (1|Patient_ID)","Timepoint_FactorDay 3",1.14212637417515,1.06601082475446,34,-1.02426827130536,3.30852101965565,0.291535241926256,58,20,"PASS",0.856761294074447
"T06_PRJNA912621_Cholestasis_Longitudinal","CandidateSignedCLR__Genus__Parabacteroides.Family__Tannerellaceae","Value ~ Timepoint_Factor * Status_Factor + (1|Patient_ID)","Timepoint_FactorDay 7",1.33532331684132,1.10303022909007,34,-0.90630380983845,3.57695044352108,0.23439911631971,58,20,"PASS",0.856761294074447
"T06_PRJNA912621_Cholestasis_Longitudinal","CandidateSignedCLR__Genus__Parabacteroides.Family__Tannerellaceae","Value ~ Timepoint_Factor * Status_Factor + (1|Patient_ID)","Status_FactorYes",1.69211448095088,1.34668821227289,18,-1.13717246554603,4.52140142744779,0.224997235434493,58,20,"PASS",0.856761294074447
"T06_PRJNA912621_Cholestasis_Longitudinal","CandidateSignedCLR__Genus__Parabacteroides.Family__Tannerellaceae","Value ~ Timepoint_Factor * Status_Factor + (1|Patient_ID)","Timepoint_FactorDay 3:Status_FactorYes",-3.45721639285651,1.50756696600429,34,-6.5209610819475,-0.393471703765524,0.0281421160562444,58,20,"PASS",0.369152535835456
"T06_PRJNA912621_Cholestasis_Longitudinal","CandidateSignedCLR__Genus__Parabacteroides.Family__Tannerellaceae","Value ~ Timepoint_Factor * Status_Factor + (1|Patient_ID)","Timepoint_FactorDay 7:Status_FactorYes",-3.10969961578082,1.55992030968668,34,-6.27983910011478,0.0604398685531327,0.0542794315776907,58,20,"PASS",0.373171092096623
"T06_PRJNA912621_Cholestasis_Longitudinal","CandidateSignedCLR__Genus__Hoylesella.Family__Prevotellaceae","Value ~ Timepoint_Factor * Status_Factor + (1|Patient_ID)","(Intercept)",-1.1160580993874,0.808818148447243,34,-2.75977434060583,0.527658141831034,0.176636159494901,58,20,"PASS",NA
"T06_PRJNA912621_Cholestasis_Longitudinal","CandidateSignedCLR__Genus__Hoylesella.Family__Prevotellaceae","Value ~ Timepoint_Factor * Status_Factor + (1|Patient_ID)","Timepoint_FactorDay 3",0.34247900379773,0.800887472211485,34,-1.28512016418541,1.97007817178087,0.671620973823859,58,20,"PASS",0.908907741315516
"T06_PRJNA912621_Cholestasis_Longitudinal","CandidateSignedCLR__Genus__Hoylesella.Family__Prevotellaceae","Value ~ Timepoint_Factor * Status_Factor + (1|Patient_ID)","Timepoint_FactorDay 7",-0.499565788155813,0.83011259605267,34,-2.18655755359933,1.1874259772877,0.551296253955721,58,20,"PASS",0.908907741315516
"T06_PRJNA912621_Cholestasis_Longitudinal","CandidateSignedCLR__Genus__Hoylesella.Family__Prevotellaceae","Value ~ Timepoint_Factor * Status_Factor + (1|Patient_ID)","Status_FactorYes",-0.761939782159002,1.14384159502759,18,-3.16506179969692,1.64118223537892,0.513779542301227,58,20,"PASS",0.908907741315516
"T06_PRJNA912621_Cholestasis_Longitudinal","CandidateSignedCLR__Genus__Hoylesella.Family__Prevotellaceae","Value ~ Timepoint_Factor * Status_Factor + (1|Patient_ID)","Timepoint_FactorDay 3:Status_FactorYes",1.18459146588347,1.13262592513619,34,-1.11718135158545,3.48636428335239,0.302995092438038,58,20,"PASS",0.856761294074447
"T06_PRJNA912621_Cholestasis_Longitudinal","CandidateSignedCLR__Genus__Hoylesella.Family__Prevotellaceae","Value ~ Timepoint_Factor * Status_Factor + (1|Patient_ID)","Timepoint_FactorDay 7:Status_FactorYes",2.16849676678628,1.17395649163442,34,-0.217269867515673,4.55426340108823,0.073440112427312,58,20,"PASS",0.448800687055795
"T06_PRJNA912621_Cholestasis_Longitudinal","CandidateSignedCLR__Genus__Campylobacter.Family__Campylobacteraceae","Value ~ Timepoint_Factor * Status_Factor + (1|Patient_ID)","(Intercept)",-2.02065342002902,0.907966071893379,34,-3.86586248428112,-0.175444355776925,0.0327866727343227,58,20,"PASS",NA
"T06_PRJNA912621_Cholestasis_Longitudinal","CandidateSignedCLR__Genus__Campylobacter.Family__Campylobacteraceae","Value ~ Timepoint_Factor * Status_Factor + (1|Patient_ID)","Timepoint_FactorDay 3",0.446607225341369,1.10515069174152,34,-1.79932919991902,2.69254365060176,0.688659451633687,58,20,"PASS",0.908907741315516
"T06_PRJNA912621_Cholestasis_Longitudinal","CandidateSignedCLR__Genus__Campylobacter.Family__Campylobacteraceae","Value ~ Timepoint_Factor * Status_Factor + (1|Patient_ID)","Timepoint_FactorDay 7",-1.13741107302898,1.14156931829948,34,-3.45735905214868,1.18253690609072,0.326115056422888,58,20,"PASS",0.856761294074447
"T06_PRJNA912621_Cholestasis_Longitudinal","CandidateSignedCLR__Genus__Campylobacter.Family__Campylobacteraceae","Value ~ Timepoint_Factor * Status_Factor + (1|Patient_ID)","Status_FactorYes",-0.668631993721545,1.28405793304624,18,-3.36633760620474,2.02907361876165,0.608909884504744,58,20,"PASS",0.908907741315516
"T06_PRJNA912621_Cholestasis_Longitudinal","CandidateSignedCLR__Genus__Campylobacter.Family__Campylobacteraceae","Value ~ Timepoint_Factor * Status_Factor + (1|Patient_ID)","Timepoint_FactorDay 3:Status_FactorYes",1.21852193918921,1.56291909672687,34,-1.95771181364178,4.3947556920202,0.440993509476167,58,20,"PASS",0.908907741315516
"T06_PRJNA912621_Cholestasis_Longitudinal","CandidateSignedCLR__Genus__Campylobacter.Family__Campylobacteraceae","Value ~ Timepoint_Factor * Status_Factor + (1|Patient_ID)","Timepoint_FactorDay 7:Status_FactorYes",3.81560465014988,1.61442281232814,34,0.534702754078752,7.09650654622101,0.0239632881531847,58,20,"PASS",0.369152535835456
"T06_PRJNA912621_Cholestasis_Longitudinal","CandidateSignedCLR__Genus__Atopobium.Family__Atopobiaceae","Value ~ Timepoint_Factor * Status_Factor + (1|Patient_ID)","(Intercept)",0.0669732224983361,0.47595112660511,34,-0.900275841248481,1.03422228624515,0.888925872517744,58,20,"PASS",NA
"T06_PRJNA912621_Cholestasis_Longitudinal","CandidateSignedCLR__Genus__Atopobium.Family__Atopobiaceae","Value ~ Timepoint_Factor * Status_Factor + (1|Patient_ID)","Timepoint_FactorDay 3",0.473867017911094,0.599802280749602,34,-0.745077873818529,1.69281190964072,0.434980929263302,58,20,"PASS",0.908907741315516
"T06_PRJNA912621_Cholestasis_Longitudinal","CandidateSignedCLR__Genus__Atopobium.Family__Atopobiaceae","Value ~ Timepoint_Factor * Status_Factor + (1|Patient_ID)","Timepoint_FactorDay 7",-0.650536164228606,0.61900126605243,34,-1.90849808842437,0.607425759967162,0.300696584086159,58,20,"PASS",0.856761294074447
"T06_PRJNA912621_Cholestasis_Longitudinal","CandidateSignedCLR__Genus__Atopobium.Family__Atopobiaceae","Value ~ Timepoint_Factor * Status_Factor + (1|Patient_ID)","Status_FactorYes",-0.231502706086754,0.6730965382717,18,-1.64562605855171,1.18262064637821,0.73487889843101,58,20,"PASS",0.908907741315516
"T06_PRJNA912621_Cholestasis_Longitudinal","CandidateSignedCLR__Genus__Atopobium.Family__Atopobiaceae","Value ~ Timepoint_Factor * Status_Factor + (1|Patient_ID)","Timepoint_FactorDay 3:Status_FactorYes",0.327966552542451,0.848248520178402,34,-1.39588184512699,2.05181495021189,0.701432276281131,58,20,"PASS",0.908907741315516
"T06_PRJNA912621_Cholestasis_Longitudinal","CandidateSignedCLR__Genus__Atopobium.Family__Atopobiaceae","Value ~ Timepoint_Factor * Status_Factor + (1|Patient_ID)","Timepoint_FactorDay 7:Status_FactorYes",1.31136276710608,0.875399985577463,34,-0.467664047040526,3.09038958125269,0.143356835116329,58,20,"PASS",0.716784175581646
