"Analysis_ID","Metric","Stratifier","Stratum","Baseline","Followup","Paired_N","Median_Baseline","Median_Followup","Median_Change","Mean_Change","Wilcoxon_V","P","Status","P_FDR"
"T01_PRJEB33360_Longitudinal_Main","Alpha_Observed","None","All","M1_initial","M2.5_ICU_day5",30,52.5,45.5,-3,-3.8,162.5,0.362230712007297,"PASS",0.581182351984624
"T01_PRJEB33360_Longitudinal_Main","Alpha_Observed","None","All","M1_initial","M2.6_ICU_day6",23,53,36,-9,-8.78260869565217,74.5,0.0552201608170944,"PASS",0.268651707929573
"T01_PRJEB33360_Longitudinal_Main","Alpha_Observed","None","All","M1_initial","M2.7_ICU_day7",25,60,35,-22,-19.32,52,0.00928492501050594,"PASS",0.0894782776490703
"T01_PRJEB33360_Longitudinal_Main","Alpha_Observed","None","All","M1_initial","M3_discharge",3,58,33,-29,-15.6666666666667,1,0.422678074170635,"REVIEW_SMALL_PAIRED_N",0.581182351984624
"T01_PRJEB33360_Longitudinal_Main","Alpha_Shannon","None","All","M1_initial","M2.5_ICU_day5",30,2.57741567169002,2.2173983411822,-0.412086806209419,-0.194693312228804,189,0.376459497820036,"PASS",0.581182351984624
"T01_PRJEB33360_Longitudinal_Main","Alpha_Shannon","None","All","M1_initial","M2.6_ICU_day6",23,2.58794261060788,2.22683625980446,-0.134759255957151,-0.161340308692747,113,0.456171159984014,"PASS",0.608228213312019
"T01_PRJEB33360_Longitudinal_Main","Alpha_Shannon","None","All","M1_initial","M2.7_ICU_day7",25,2.64399087224118,1.51834394707178,-0.905321407291781,-0.746909404134283,63,0.00772670980937454,"PASS",0.0894782776490703
"T01_PRJEB33360_Longitudinal_Main","Alpha_Shannon","None","All","M1_initial","M3_discharge",3,2.64399087224118,1.67679158431367,-0.373812872747891,-0.893016069497765,1,0.422678074170635,"REVIEW_SMALL_PAIRED_N",0.581182351984624
"T01_PRJEB33360_Longitudinal_Main","Alpha_InverseSimpson","None","All","M1_initial","M2.5_ICU_day5",30,6.88429487163939,4.03769879022595,-2.91511455276488,-2.17773446035827,151,0.0957063463571928,"PASS",0.280738615981099
"T01_PRJEB33360_Longitudinal_Main","Alpha_InverseSimpson","None","All","M1_initial","M2.6_ICU_day6",23,7.03586483133166,5.25558849623656,-1.73164934291353,-1.76837315398817,80,0.0803152550124048,"PASS",0.271836247734293
"T01_PRJEB33360_Longitudinal_Main","Alpha_InverseSimpson","None","All","M1_initial","M2.7_ICU_day7",25,6.73272491194713,2.19156219121705,-3.1187590221745,-3.27401698722444,57,0.00472473171731758,"PASS",0.0894782776490703
"T01_PRJEB33360_Longitudinal_Main","Alpha_InverseSimpson","None","All","M1_initial","M3_discharge",3,10.026495773151,2.542107776305,-1.3014935367148,-3.56532004103611,0,0.18144920772142,"REVIEW_SMALL_PAIRED_N",0.38017929236869
"T01_PRJEB33360_Longitudinal_Main","SDI_Equal_Balance","None","All","M1_initial","M2.5_ICU_day5",30,0.244555145758596,0.632484899991593,0.929919488674529,0.620407994067388,284,0.29418488083351,"PASS",0.497851336795171
"T01_PRJEB33360_Longitudinal_Main","SDI_Equal_Balance","None","All","M1_initial","M2.6_ICU_day6",23,0.340780034353241,1.9058951266084,0.780936423184169,1.60537289037772,200,0.0614116944970624,"PASS",0.268651707929573
"T01_PRJEB33360_Longitudinal_Main","SDI_Equal_Balance","None","All","M1_initial","M2.7_ICU_day7",25,0.589732377306989,1.0729586082894,0.677231627737383,0.668179512515646,194,0.404216597640974,"PASS",0.581182351984624
"T01_PRJEB33360_Longitudinal_Main","SDI_Equal_Balance","None","All","M1_initial","M3_discharge",3,2.7590525908106,-0.318503815009145,-4.50279463730321,-3.96796385590795,0,0.18144920772142,"REVIEW_SMALL_PAIRED_N",0.38017929236869
"T01_PRJEB33360_Longitudinal_Main","SDI_MetaWeighted_Balance","None","All","M1_initial","M2.5_ICU_day5",30,-0.308911214329566,-0.0843971664039551,0.933551994005671,0.690107284125458,289,0.249392168931491,"PASS",0.453985376680676
"T01_PRJEB33360_Longitudinal_Main","SDI_MetaWeighted_Balance","None","All","M1_initial","M2.6_ICU_day6",23,1.11022302462516e-16,1.32620166878143,1.52765266274728,1.80657422453768,204,0.046351373591563,"PASS",0.255577485405711
"T01_PRJEB33360_Longitudinal_Main","SDI_MetaWeighted_Balance","None","All","M1_initial","M2.7_ICU_day7",25,1.11022302462516e-16,0.537084489047665,1.41262293416189,0.846077911750195,208,0.225967837200517,"PASS",0.451935674401034
"T01_PRJEB33360_Longitudinal_Main","SDI_MetaWeighted_Balance","None","All","M1_initial","M3_discharge",3,2.57473750132837,-0.714262721013457,-4.97911587668217,-4.19353156455812,0,0.18144920772142,"REVIEW_SMALL_PAIRED_N",0.38017929236869
"T01_PRJEB33360_Longitudinal_Main","CandidateSignedCLR__Genus__Bilophila.Family__Desulfovibrionaceae","None","All","M1_initial","M2.5_ICU_day5",30,3.13010029699311,3.16492041956283,0.172854059940587,-0.0331175859051743,250,0.726592548479803,"PASS",0.847019345119717
"T01_PRJEB33360_Longitudinal_Main","CandidateSignedCLR__Genus__Bilophila.Family__Desulfovibrionaceae","None","All","M1_initial","M2.6_ICU_day6",23,3.67039084477246,2.97559218132655,-0.0146309503541771,-0.408813926805122,128,0.772625719825572,"PASS",0.847019345119717
"T01_PRJEB33360_Longitudinal_Main","CandidateSignedCLR__Genus__Bilophila.Family__Desulfovibrionaceae","None","All","M1_initial","M2.7_ICU_day7",25,4.09582533207768,1.69552972916717,-0.931424236568819,-1.42121042278813,77,0.0221907163701582,"PASS",0.162731920047827
"T01_PRJEB33360_Longitudinal_Main","CandidateSignedCLR__Genus__Bilophila.Family__Desulfovibrionaceae","None","All","M1_initial","M3_discharge",3,5.04826283559207,2.40008761093818,-0.198901902490752,-2.35436643156258,2,0.789268026134281,"REVIEW_SMALL_PAIRED_N",0.847019345119717
"T01_PRJEB33360_Longitudinal_Main","CandidateSignedCLR__Genus__Butyricimonas.Family__Marinifilaceae","None","All","M1_initial","M2.5_ICU_day5",30,2.30860733358623,1.18870972251744,-0.0346232343893584,-0.362502060537653,204,0.564673648890418,"PASS",0.690156681977177
"T01_PRJEB33360_Longitudinal_Main","CandidateSignedCLR__Genus__Butyricimonas.Family__Marinifilaceae","None","All","M1_initial","M2.6_ICU_day6",23,1.45980622755046,2.24285120046328,-0.0261633855591625,0.101531913234598,141,0.939389356873358,"PASS",0.961235620986692
"T01_PRJEB33360_Longitudinal_Main","CandidateSignedCLR__Genus__Butyricimonas.Family__Marinifilaceae","None","All","M1_initial","M2.7_ICU_day7",25,2.43128984194079,-0.136320700804466,-0.458482137233195,-0.763273109150686,119,0.247273502000825,"PASS",0.453985376680676
"T01_PRJEB33360_Longitudinal_Main","CandidateSignedCLR__Genus__Butyricimonas.Family__Marinifilaceae","None","All","M1_initial","M3_discharge",3,2.59789651105624,-0.40052335863712,-2.99841986969336,-2.34643060407866,0,0.18144920772142,"REVIEW_SMALL_PAIRED_N",0.38017929236869
"T01_PRJEB33360_Longitudinal_Main","CandidateSignedCLR__Genus__Parabacteroides.Family__Tannerellaceae","None","All","M1_initial","M2.5_ICU_day5",30,5.26951782142333,5.84503835016524,0.796251810963676,0.854076335224271,322,0.0671629269823934,"PASS",0.268651707929573
"T01_PRJEB33360_Longitudinal_Main","CandidateSignedCLR__Genus__Parabacteroides.Family__Tannerellaceae","None","All","M1_initial","M2.6_ICU_day6",23,5.17458654447362,5.11531172306569,0.579872971074529,0.647672378054491,161,0.493762736661269,"PASS",0.620730297517024
"T01_PRJEB33360_Longitudinal_Main","CandidateSignedCLR__Genus__Parabacteroides.Family__Tannerellaceae","None","All","M1_initial","M2.7_ICU_day7",25,5.23420785510256,5.37301534508719,0.0888977717776722,-0.297955465555209,154,0.829568282736637,"PASS",0.869071534295525
"T01_PRJEB33360_Longitudinal_Main","CandidateSignedCLR__Genus__Parabacteroides.Family__Tannerellaceae","None","All","M1_initial","M3_discharge",3,5.84300346313763,1.92051453067629,-3.06675479685157,-3.14599059469017,0,0.18144920772142,"REVIEW_SMALL_PAIRED_N",0.38017929236869
"T01_PRJEB33360_Longitudinal_Main","CandidateSignedCLR__Genus__Hoylesella.Family__Prevotellaceae","None","All","M1_initial","M2.5_ICU_day5",30,-6.07245001608933,-4.83978577717829,0.155806461149323,0.541090421201738,268,0.471591569493951,"PASS",0.61029497228629
"T01_PRJEB33360_Longitudinal_Main","CandidateSignedCLR__Genus__Hoylesella.Family__Prevotellaceae","None","All","M1_initial","M2.6_ICU_day6",23,-5.98458517129212,0.0913335500173229,1.05253040689708,2.45201542846107,223,0.0101679860964853,"PASS",0.0894782776490703
"T01_PRJEB33360_Longitudinal_Main","CandidateSignedCLR__Genus__Hoylesella.Family__Prevotellaceae","None","All","M1_initial","M2.7_ICU_day7",25,-6.04455517350332,-2.29344869990444,2.53753300278702,1.92071418300522,237,0.0464686337101292,"PASS",0.255577485405711
"T01_PRJEB33360_Longitudinal_Main","CandidateSignedCLR__Genus__Hoylesella.Family__Prevotellaceae","None","All","M1_initial","M3_discharge",3,0.345449465737507,-3.88816466636801,-3.14055088950297,-2.37101410295228,1,0.422678074170635,"REVIEW_SMALL_PAIRED_N",0.581182351984624
"T01_PRJEB33360_Longitudinal_Main","CandidateSignedCLR__Genus__Campylobacter.Family__Campylobacteraceae","None","All","M1_initial","M2.5_ICU_day5",30,-5.19473516993357,-2.74789333965577,0.652951904825322,1.16712536991276,316,0.0877900567767762,"PASS",0.275911607012725
"T01_PRJEB33360_Longitudinal_Main","CandidateSignedCLR__Genus__Campylobacter.Family__Campylobacteraceae","None","All","M1_initial","M2.6_ICU_day6",23,-5.8878989260038,-2.58250053100823,2.05058364991078,1.65228882547594,196,0.0803152550124048,"PASS",0.271836247734293
"T01_PRJEB33360_Longitudinal_Main","CandidateSignedCLR__Genus__Campylobacter.Family__Campylobacteraceae","None","All","M1_initial","M2.7_ICU_day7",25,-4.50424384946403,0.0991787659154928,3.2408369574252,2.36070228621755,266,0.00558137716997927,"PASS",0.0894782776490703
"T01_PRJEB33360_Longitudinal_Main","CandidateSignedCLR__Genus__Campylobacter.Family__Campylobacteraceae","None","All","M1_initial","M3_discharge",3,0.345449465737507,0.17580846457072,-0.575601532041433,-1.49474544533861,2,0.789268026134281,"REVIEW_SMALL_PAIRED_N",0.847019345119717
"T01_PRJEB33360_Longitudinal_Main","CandidateSignedCLR__Genus__Atopobium.Family__Atopobiaceae","None","All","M1_initial","M2.5_ICU_day5",30,0.545243883814325,0.473762020166878,-0.0495280839443782,-0.305448497693777,177,0.257946236750384,"PASS",0.453985376680676
"T01_PRJEB33360_Longitudinal_Main","CandidateSignedCLR__Genus__Atopobium.Family__Atopobiaceae","None","All","M1_initial","M2.6_ICU_day6",23,0.528263490835829,0.400743855841078,-0.0350382374529671,0.371424052712165,137,0.98786665687482,"PASS",0.98786665687482
"T01_PRJEB33360_Longitudinal_Main","CandidateSignedCLR__Genus__Atopobium.Family__Atopobiaceae","None","All","M1_initial","M2.7_ICU_day7",25,0.582828620876432,0.369227290163483,-0.195433062592717,0.205561065818192,110,0.161765184977887,"PASS",0.38017929236869
"T01_PRJEB33360_Longitudinal_Main","CandidateSignedCLR__Genus__Atopobium.Family__Atopobiaceae","None","All","M1_initial","M3_discharge",3,0.697940354948086,0.40052335863712,-0.297416996310966,-0.191344389101555,2,0.789268026134281,"REVIEW_SMALL_PAIRED_N",0.847019345119717
"T02_PRJEB33360_Longitudinal_DepthSensitivity","Alpha_Observed","None","All","M1_initial","M2.5_ICU_day5",30,52.5,45.5,-3,-3.8,162.5,0.362230712007297,"PASS",0.56921969029718
"T02_PRJEB33360_Longitudinal_DepthSensitivity","Alpha_Observed","None","All","M1_initial","M2.6_ICU_day6",22,53,37,-6.5,-8.27272727272727,72,0.0794185532496344,"PASS",0.280738615981099
"T02_PRJEB33360_Longitudinal_DepthSensitivity","Alpha_Observed","None","All","M1_initial","M2.7_ICU_day7",23,60,35,-22,-18.8260869565217,41,0.0100753607238313,"PASS",0.0886631743697156
"T02_PRJEB33360_Longitudinal_DepthSensitivity","Alpha_Observed","None","All","M1_initial","M3_discharge",3,58,33,-29,-15.6666666666667,1,0.422678074170635,"REVIEW_SMALL_PAIRED_N",0.581182351984624
"T02_PRJEB33360_Longitudinal_DepthSensitivity","Alpha_Shannon","None","All","M1_initial","M2.5_ICU_day5",30,2.57741567169002,2.2173983411822,-0.412086806209419,-0.194693312228804,189,0.376459497820036,"PASS",0.571179927726952
"T02_PRJEB33360_Longitudinal_DepthSensitivity","Alpha_Shannon","None","All","M1_initial","M2.6_ICU_day6",22,2.61596674142453,2.22005325995875,-0.141174147192302,-0.216183767389382,93,0.284004688513666,"PASS",0.497851336795171
"T02_PRJEB33360_Longitudinal_DepthSensitivity","Alpha_Shannon","None","All","M1_initial","M2.7_ICU_day7",23,2.64399087224118,1.51834394707178,-0.905321407291781,-0.746202574941928,46,0.00538640817961186,"PASS",0.0853991423221299
"T02_PRJEB33360_Longitudinal_DepthSensitivity","Alpha_Shannon","None","All","M1_initial","M3_discharge",3,2.64399087224118,1.67679158431367,-0.373812872747891,-0.893016069497765,1,0.422678074170635,"REVIEW_SMALL_PAIRED_N",0.581182351984624
"T02_PRJEB33360_Longitudinal_DepthSensitivity","Alpha_InverseSimpson","None","All","M1_initial","M2.5_ICU_day5",30,6.88429487163939,4.03769879022595,-2.91511455276488,-2.17773446035827,151,0.0957063463571928,"PASS",0.280738615981099
"T02_PRJEB33360_Longitudinal_DepthSensitivity","Alpha_InverseSimpson","None","All","M1_initial","M2.6_ICU_day6",22,7.37811174204284,5.04165391733623,-1.79558592918457,-2.07713907225265,63,0.0408217473075134,"PASS",0.256593840218656
"T02_PRJEB33360_Longitudinal_DepthSensitivity","Alpha_InverseSimpson","None","All","M1_initial","M2.7_ICU_day7",23,6.73272491194713,2.19156219121705,-3.1187590221745,-2.81464632984042,48,0.00648609893187563,"PASS",0.0853991423221299
"T02_PRJEB33360_Longitudinal_DepthSensitivity","Alpha_InverseSimpson","None","All","M1_initial","M3_discharge",3,10.026495773151,2.542107776305,-1.3014935367148,-3.56532004103611,0,0.18144920772142,"REVIEW_SMALL_PAIRED_N",0.38017929236869
"T02_PRJEB33360_Longitudinal_DepthSensitivity","SDI_Equal_Balance","None","All","M1_initial","M2.5_ICU_day5",30,0.244555145758596,0.632484899991593,0.929919488674529,0.620407994067388,284,0.29418488083351,"PASS",0.497851336795171
"T02_PRJEB33360_Longitudinal_DepthSensitivity","SDI_Equal_Balance","None","All","M1_initial","M2.6_ICU_day6",22,0.244555145758596,1.89476755113985,0.766169551477718,1.56095476579874,180,0.0853090051340264,"PASS",0.280738615981099
"T02_PRJEB33360_Longitudinal_DepthSensitivity","SDI_Equal_Balance","None","All","M1_initial","M2.7_ICU_day7",23,0.726679104264022,1.44324022732398,0.677231627737383,0.603485041549315,158,0.553119859732585,"PASS",0.690156681977177
"T02_PRJEB33360_Longitudinal_DepthSensitivity","SDI_Equal_Balance","None","All","M1_initial","M3_discharge",3,2.7590525908106,-0.318503815009145,-4.50279463730321,-3.96796385590795,0,0.18144920772142,"REVIEW_SMALL_PAIRED_N",0.38017929236869
"T02_PRJEB33360_Longitudinal_DepthSensitivity","SDI_MetaWeighted_Balance","None","All","M1_initial","M2.5_ICU_day5",30,-0.308911214329566,-0.0843971664039551,0.933551994005671,0.690107284125458,289,0.249392168931491,"PASS",0.472901434042371
"T02_PRJEB33360_Longitudinal_DepthSensitivity","SDI_MetaWeighted_Balance","None","All","M1_initial","M2.6_ICU_day6",22,-0.308911214329566,1.1942519231013,1.09059750817969,1.77660725218728,184,0.0642354612769799,"PASS",0.280738615981099
"T02_PRJEB33360_Longitudinal_DepthSensitivity","SDI_MetaWeighted_Balance","None","All","M1_initial","M2.7_ICU_day7",23,0.390132060645283,0.835835217212869,1.41262293416189,0.768246948615574,172,0.308250000572896,"PASS",0.502333334266941
"T02_PRJEB33360_Longitudinal_DepthSensitivity","SDI_MetaWeighted_Balance","None","All","M1_initial","M3_discharge",3,2.57473750132837,-0.714262721013457,-4.97911587668217,-4.19353156455812,0,0.18144920772142,"REVIEW_SMALL_PAIRED_N",0.38017929236869
"T02_PRJEB33360_Longitudinal_DepthSensitivity","CandidateSignedCLR__Genus__Bilophila.Family__Desulfovibrionaceae","None","All","M1_initial","M2.5_ICU_day5",30,3.13010029699311,3.16492041956283,0.172854059940587,-0.0331175859051743,250,0.726592548479803,"PASS",0.841317687713456
"T02_PRJEB33360_Longitudinal_DepthSensitivity","CandidateSignedCLR__Genus__Bilophila.Family__Desulfovibrionaceae","None","All","M1_initial","M2.6_ICU_day6",22,3.72275602249253,3.17435810215576,-0.0203971679566698,-0.54830280850176,108,0.558963533162174,"PASS",0.690156681977177
"T02_PRJEB33360_Longitudinal_DepthSensitivity","CandidateSignedCLR__Genus__Bilophila.Family__Desulfovibrionaceae","None","All","M1_initial","M2.7_ICU_day7",23,4.2023259421283,1.85594660588719,-0.931424236568819,-1.46079876367282,67,0.0320125241582704,"PASS",0.234758510493983
"T02_PRJEB33360_Longitudinal_DepthSensitivity","CandidateSignedCLR__Genus__Bilophila.Family__Desulfovibrionaceae","None","All","M1_initial","M3_discharge",3,5.04826283559207,2.40008761093818,-0.198901902490752,-2.35436643156258,2,0.789268026134281,"REVIEW_SMALL_PAIRED_N",0.847019345119717
"T02_PRJEB33360_Longitudinal_DepthSensitivity","CandidateSignedCLR__Genus__Butyricimonas.Family__Marinifilaceae","None","All","M1_initial","M2.5_ICU_day5",30,2.30860733358623,1.18870972251744,-0.0346232343893584,-0.362502060537653,204,0.564673648890418,"PASS",0.690156681977177
"T02_PRJEB33360_Longitudinal_DepthSensitivity","CandidateSignedCLR__Genus__Butyricimonas.Family__Marinifilaceae","None","All","M1_initial","M2.6_ICU_day6",22,1.33419608989852,1.07575882522298,0.040779545992894,0.143326478923874,134,0.820221923334007,"PASS",0.859280110159436
"T02_PRJEB33360_Longitudinal_DepthSensitivity","CandidateSignedCLR__Genus__Butyricimonas.Family__Marinifilaceae","None","All","M1_initial","M2.7_ICU_day7",23,2.59789651105624,-0.144674905171089,-0.759467070099742,-1.01541289070033,88,0.132185253503126,"PASS",0.363509447133597
"T02_PRJEB33360_Longitudinal_DepthSensitivity","CandidateSignedCLR__Genus__Butyricimonas.Family__Marinifilaceae","None","All","M1_initial","M3_discharge",3,2.59789651105624,-0.40052335863712,-2.99841986969336,-2.34643060407866,0,0.18144920772142,"REVIEW_SMALL_PAIRED_N",0.38017929236869
"T02_PRJEB33360_Longitudinal_DepthSensitivity","CandidateSignedCLR__Genus__Parabacteroides.Family__Tannerellaceae","None","All","M1_initial","M2.5_ICU_day5",30,5.26951782142333,5.84503835016524,0.796251810963676,0.854076335224271,322,0.0671629269823934,"PASS",0.280738615981099
"T02_PRJEB33360_Longitudinal_DepthSensitivity","CandidateSignedCLR__Genus__Parabacteroides.Family__Tannerellaceae","None","All","M1_initial","M2.6_ICU_day6",22,5.20439719978809,5.18062904466269,0.301218040604117,0.46434444953337,138,0.721000361119181,"PASS",0.841317687713456
"T02_PRJEB33360_Longitudinal_DepthSensitivity","CandidateSignedCLR__Genus__Parabacteroides.Family__Tannerellaceae","None","All","M1_initial","M2.7_ICU_day7",23,5.30049376761185,5.62212743945989,0.0888977717776722,-0.290372511846632,133,0.891135694628664,"PASS",0.891135694628664
"T02_PRJEB33360_Longitudinal_DepthSensitivity","CandidateSignedCLR__Genus__Parabacteroides.Family__Tannerellaceae","None","All","M1_initial","M3_discharge",3,5.84300346313763,1.92051453067629,-3.06675479685157,-3.14599059469017,0,0.18144920772142,"REVIEW_SMALL_PAIRED_N",0.38017929236869
"T02_PRJEB33360_Longitudinal_DepthSensitivity","CandidateSignedCLR__Genus__Hoylesella.Family__Prevotellaceae","None","All","M1_initial","M2.5_ICU_day5",30,-6.07245001608933,-4.83978577717829,0.155806461149323,0.541090421201738,268,0.471591569493951,"PASS",0.628788759325269
"T02_PRJEB33360_Longitudinal_DepthSensitivity","CandidateSignedCLR__Genus__Hoylesella.Family__Prevotellaceae","None","All","M1_initial","M2.6_ICU_day6",22,-6.23917955364551,-0.844003936538599,1.27298938160591,2.57538186601487,209,0.0077635583929209,"PASS",0.0853991423221299
"T02_PRJEB33360_Longitudinal_DepthSensitivity","CandidateSignedCLR__Genus__Hoylesella.Family__Prevotellaceae","None","All","M1_initial","M2.7_ICU_day7",23,-6.04455517350332,-2.29344869990444,2.53753300278702,1.89917576986803,203,0.0497899104427176,"PASS",0.273844507434947
"T02_PRJEB33360_Longitudinal_DepthSensitivity","CandidateSignedCLR__Genus__Hoylesella.Family__Prevotellaceae","None","All","M1_initial","M3_discharge",3,0.345449465737507,-3.88816466636801,-3.14055088950297,-2.37101410295228,1,0.422678074170635,"REVIEW_SMALL_PAIRED_N",0.581182351984624
"T02_PRJEB33360_Longitudinal_DepthSensitivity","CandidateSignedCLR__Genus__Campylobacter.Family__Campylobacteraceae","None","All","M1_initial","M2.5_ICU_day5",30,-5.19473516993357,-2.74789333965577,0.652951904825322,1.16712536991276,316,0.0877900567767762,"PASS",0.280738615981099
"T02_PRJEB33360_Longitudinal_DepthSensitivity","CandidateSignedCLR__Genus__Campylobacter.Family__Campylobacteraceae","None","All","M1_initial","M2.6_ICU_day6",22,-5.9272105892155,-2.8082445829779,2.22606317323211,1.64789615642122,179,0.0913701927301906,"PASS",0.280738615981099
"T02_PRJEB33360_Longitudinal_DepthSensitivity","CandidateSignedCLR__Genus__Campylobacter.Family__Campylobacteraceae","None","All","M1_initial","M2.7_ICU_day7",23,-4.50424384946403,0.0991787659154928,3.2408369574252,2.42068144094193,231,0.00490231960097636,"PASS",0.0853991423221299
"T02_PRJEB33360_Longitudinal_DepthSensitivity","CandidateSignedCLR__Genus__Campylobacter.Family__Campylobacteraceae","None","All","M1_initial","M3_discharge",3,0.345449465737507,0.17580846457072,-0.575601532041433,-1.49474544533861,2,0.789268026134281,"REVIEW_SMALL_PAIRED_N",0.847019345119717
"T02_PRJEB33360_Longitudinal_DepthSensitivity","CandidateSignedCLR__Genus__Atopobium.Family__Atopobiaceae","None","All","M1_initial","M2.5_ICU_day5",30,0.545243883814325,0.473762020166878,-0.0495280839443782,-0.305448497693777,177,0.257946236750384,"PASS",0.472901434042371
"T02_PRJEB33360_Longitudinal_DepthSensitivity","CandidateSignedCLR__Genus__Atopobium.Family__Atopobiaceae","None","All","M1_initial","M2.6_ICU_day6",22,0.540267081098185,0.403760290289602,-0.0156954068489479,0.400218155004652,132,0.871047368481562,"PASS",0.891135694628664
"T02_PRJEB33360_Longitudinal_DepthSensitivity","CandidateSignedCLR__Genus__Atopobium.Family__Atopobiaceae","None","All","M1_initial","M2.7_ICU_day7",23,0.582828620876432,0.414601501197772,-0.195433062592717,0.25718208005777,95,0.196137151153906,"PASS",0.392274302307813
"T02_PRJEB33360_Longitudinal_DepthSensitivity","CandidateSignedCLR__Genus__Atopobium.Family__Atopobiaceae","None","All","M1_initial","M3_discharge",3,0.697940354948086,0.40052335863712,-0.297416996310966,-0.191344389101555,2,0.789268026134281,"REVIEW_SMALL_PAIRED_N",0.847019345119717
"T03_PRJNA691455_Sepsis_Longitudinal","Alpha_Observed","None","All","Day 1","Day 3",9,56,46,-9,-12.4444444444444,4.5,0.0379826346432602,"PASS",0.290328503477235
"T03_PRJNA691455_Sepsis_Longitudinal","Alpha_Observed","None","All","Day 1","Day 7",10,68.5,53.5,-8,-11.7,14,0.184858253798221,"PASS",0.529423324200296
"T03_PRJNA691455_Sepsis_Longitudinal","Alpha_Shannon","None","All","Day 1","Day 3",9,2.11845138375965,2.38084841845905,-0.216498450548495,-0.15406876930918,17,0.553616991965781,"PASS",0.869969558803369
"T03_PRJNA691455_Sepsis_Longitudinal","Alpha_Shannon","None","All","Day 1","Day 7",10,2.23431786981453,1.62817873856593,-0.460351126560547,-0.563592856276181,8,0.0527870006322246,"PASS",0.290328503477235
"T03_PRJNA691455_Sepsis_Longitudinal","Alpha_InverseSimpson","None","All","Day 1","Day 3",9,4.23066090934905,6.43271348388034,-0.407149587702536,-1.6815208498484,14,0.343252562436031,"PASS",0.629296364466057
"T03_PRJNA691455_Sepsis_Longitudinal","Alpha_InverseSimpson","None","All","Day 1","Day 7",10,5.53526199046596,3.26335877586073,-1.51768493559288,-3.66844872392245,8,0.0527870006322246,"PASS",0.290328503477235
"T03_PRJNA691455_Sepsis_Longitudinal","SDI_Equal_Balance","None","All","Day 1","Day 3",9,2.23963445158982,3.81472527949312,-0.213989148307788,0.0272451945288917,14,0.343252562436031,"PASS",0.629296364466057
"T03_PRJNA691455_Sepsis_Longitudinal","SDI_Equal_Balance","None","All","Day 1","Day 7",10,2.03515286579884,2.39197450231879,0.196739907840377,0.13259937359982,31,0.759765825978067,"PASS",0.928602676195415
"T03_PRJNA691455_Sepsis_Longitudinal","SDI_MetaWeighted_Balance","None","All","Day 1","Day 3",9,1.58234559463871,3.47119894088044,-0.372829294244823,0.0178764755428342,11,0.192517572436471,"PASS",0.529423324200296
"T03_PRJNA691455_Sepsis_Longitudinal","SDI_MetaWeighted_Balance","None","All","Day 1","Day 7",10,1.55959610923924,1.92832297490348,0.238875664988829,0.158062151369771,29,0.918812683274642,"PASS",1
"T03_PRJNA691455_Sepsis_Longitudinal","CandidateSignedCLR__Genus__Bilophila.Family__Desulfovibrionaceae","None","All","Day 1","Day 3",9,1.6784644125753,0.387069494446443,-0.0845198695117977,-0.507875459898056,14,0.343252562436031,"PASS",0.629296364466057
"T03_PRJNA691455_Sepsis_Longitudinal","CandidateSignedCLR__Genus__Bilophila.Family__Desulfovibrionaceae","None","All","Day 1","Day 7",10,2.24646841823976,1.83531467199495,-0.716551035653792,-0.572626328731864,13,0.153576396549984,"PASS",0.529423324200296
"T03_PRJNA691455_Sepsis_Longitudinal","CandidateSignedCLR__Genus__Butyricimonas.Family__Marinifilaceae","None","All","Day 1","Day 3",9,-0.33577281979597,-0.334985739942873,0.211291647041243,0.270395055394431,27,0.635586122278767,"PASS",0.873930918133304
"T03_PRJNA691455_Sepsis_Longitudinal","CandidateSignedCLR__Genus__Butyricimonas.Family__Marinifilaceae","None","All","Day 1","Day 7",10,0.560612493586014,0.941236787994447,0.097368185155756,0.386155525614559,33,0.610298655976554,"PASS",0.873930918133304
"T03_PRJNA691455_Sepsis_Longitudinal","CandidateSignedCLR__Genus__Parabacteroides.Family__Tannerellaceae","None","All","Day 1","Day 3",9,5.34345502759893,6.84432920687134,0.54771036360836,0.410330838301068,30,0.406941216918031,"PASS",0.688669751707436
"T03_PRJNA691455_Sepsis_Longitudinal","CandidateSignedCLR__Genus__Parabacteroides.Family__Tannerellaceae","None","All","Day 1","Day 7",10,6.03190083250964,5.72157942612711,-0.0489121888054918,0.358680912584421,28,1,"PASS",1
"T03_PRJNA691455_Sepsis_Longitudinal","CandidateSignedCLR__Genus__Hoylesella.Family__Prevotellaceae","None","All","Day 1","Day 3",9,0.719430860223067,0.711542794221667,-0.224984358709893,0.0336221236830775,14,0.343252562436031,"PASS",0.629296364466057
"T03_PRJNA691455_Sepsis_Longitudinal","CandidateSignedCLR__Genus__Hoylesella.Family__Prevotellaceae","None","All","Day 1","Day 7",10,0.671137851739587,0.660813435764898,-0.131090989144299,0.263681406148837,24,0.759765825978067,"PASS",0.928602676195415
"T03_PRJNA691455_Sepsis_Longitudinal","CandidateSignedCLR__Genus__Campylobacter.Family__Campylobacteraceae","None","All","Day 1","Day 3",9,0.33577281979597,0.334985739942873,-0.00788806600140002,0.142275155718313,21,0.905695442034309,"PASS",1
"T03_PRJNA691455_Sepsis_Longitudinal","CandidateSignedCLR__Genus__Campylobacter.Family__Campylobacteraceae","None","All","Day 1","Day 7",10,-0.553345016035484,0.579822244321905,-0.00856176444000925,0.26576485616581,27,1,"PASS",1
"T03_PRJNA691455_Sepsis_Longitudinal","CandidateSignedCLR__Genus__Atopobium.Family__Atopobiaceae","None","All","Day 1","Day 3",9,0.955432420931433,0.74414077389019,-0.224984358709893,-0.267012129612159,5,0.0440109840129515,"PASS",0.290328503477235
"T03_PRJNA691455_Sepsis_Longitudinal","CandidateSignedCLR__Genus__Atopobium.Family__Atopobiaceae","None","All","Day 1","Day 7",10,1.16582397900983,0.779438672440163,-0.16103218693252,-0.303858250982304,9,0.0665457213437161,"PASS",0.292801173912351
"T04_PRJNA430161_Intervention","Alpha_Observed","Arm_Resolved","Placebo","Baseline","Day 7",4,30.5,22.5,-11,-9.25,1,0.201242620957724,"REVIEW_SMALL_PAIRED_N",0.459983133617655
"T04_PRJNA430161_Intervention","Alpha_Observed","Arm_Resolved","Placebo","Baseline","Day 28",4,30.5,29.5,-2,-0.75,4,0.855132140584706,"REVIEW_SMALL_PAIRED_N",1
"T04_PRJNA430161_Intervention","Alpha_Observed","Arm_Resolved","Probiotic","Baseline","Day 7",5,29,20,2,-1,8.5,0.892250486903652,"PASS",1
"T04_PRJNA430161_Intervention","Alpha_Observed","Arm_Resolved","Probiotic","Baseline","Day 28",4,22.5,33,10.5,12.25,6,0.18144920772142,"REVIEW_SMALL_PAIRED_N",0.536646989220597
"T04_PRJNA430161_Intervention","Alpha_Shannon","Arm_Resolved","Placebo","Baseline","Day 7",4,2.22619752160865,1.85570730034354,-0.364779228258002,-0.537275500898333,1,0.201242620957724,"REVIEW_SMALL_PAIRED_N",0.459983133617655
"T04_PRJNA430161_Intervention","Alpha_Shannon","Arm_Resolved","Placebo","Baseline","Day 28",4,2.22619752160865,2.27750543994563,-0.143169952892927,-0.0765801692329557,3,0.583882420770365,"REVIEW_SMALL_PAIRED_N",0.934211873232584
"T04_PRJNA430161_Intervention","Alpha_Shannon","Arm_Resolved","Probiotic","Baseline","Day 7",5,1.8481631866251,1.49433832169722,-0.353824864927881,-0.0328945672148675,7,1,"PASS",1
"T04_PRJNA430161_Intervention","Alpha_Shannon","Arm_Resolved","Probiotic","Baseline","Day 28",4,1.90659920980186,2.29159172242596,0.216725807117287,0.714417636839894,10,0.100348246462291,"REVIEW_SMALL_PAIRED_N",0.535190647798884
"T04_PRJNA430161_Intervention","Alpha_InverseSimpson","Arm_Resolved","Placebo","Baseline","Day 7",4,5.73768636294437,3.81365222805597,-1.99763327428035,-1.99552910861465,1,0.201242620957724,"REVIEW_SMALL_PAIRED_N",0.459983133617655
"T04_PRJNA430161_Intervention","Alpha_InverseSimpson","Arm_Resolved","Placebo","Baseline","Day 28",4,5.73768636294437,6.3154594729257,-0.721477182182277,-0.0718520361004749,5,1,"REVIEW_SMALL_PAIRED_N",1
"T04_PRJNA430161_Intervention","Alpha_InverseSimpson","Arm_Resolved","Probiotic","Baseline","Day 7",5,3.72207774699647,2.90177063456422,-1.15795626870005,-0.869042829615086,6,0.787406490666269,"PASS",1
"T04_PRJNA430161_Intervention","Alpha_InverseSimpson","Arm_Resolved","Probiotic","Baseline","Day 28",4,3.89090232513037,5.80558222792784,1.6957559190283,2.31193053207827,9,0.201242620957724,"REVIEW_SMALL_PAIRED_N",0.536646989220597
"T04_PRJNA430161_Intervention","SDI_Equal_Balance","Arm_Resolved","Placebo","Baseline","Day 7",4,1.89511365767156,2.24849629361908,-0.182818617889558,0.053281617474067,5,1,"REVIEW_SMALL_PAIRED_N",1
"T04_PRJNA430161_Intervention","SDI_Equal_Balance","Arm_Resolved","Placebo","Baseline","Day 28",4,1.89511365767156,2.21587761871363,0.101597321812851,0.407959807049609,9,0.201242620957724,"REVIEW_SMALL_PAIRED_N",0.459983133617655
"T04_PRJNA430161_Intervention","SDI_Equal_Balance","Arm_Resolved","Probiotic","Baseline","Day 7",5,0,0,0,0.053852099712351,3,1,"PASS",1
"T04_PRJNA430161_Intervention","SDI_Equal_Balance","Arm_Resolved","Probiotic","Baseline","Day 28",4,0,0.920908823188631,0.210462177015078,0.731826918313358,3,0.371093369522698,"REVIEW_SMALL_PAIRED_N",0.659721545818129
"T04_PRJNA430161_Intervention","SDI_MetaWeighted_Balance","Arm_Resolved","Placebo","Baseline","Day 7",4,1.81738573482855,1.80484147814056,-0.67186282348391,-0.235156461358917,4,0.855132140584706,"REVIEW_SMALL_PAIRED_N",1
"T04_PRJNA430161_Intervention","SDI_MetaWeighted_Balance","Arm_Resolved","Placebo","Baseline","Day 28",4,1.81738573482855,1.7786588521792,0.0661842217897957,0.133949881797599,7,0.583882420770365,"REVIEW_SMALL_PAIRED_N",0.934211873232584
"T04_PRJNA430161_Intervention","SDI_MetaWeighted_Balance","Arm_Resolved","Probiotic","Baseline","Day 7",5,1.11022302462516e-16,1.11022302462516e-16,0,-0.0487745488404832,3,1,"PASS",1
"T04_PRJNA430161_Intervention","SDI_MetaWeighted_Balance","Arm_Resolved","Probiotic","Baseline","Day 28",4,1.11022302462516e-16,0.739202660192612,0.168935509359983,0.587428843329682,3,0.371093369522698,"REVIEW_SMALL_PAIRED_N",0.659721545818129
"T04_PRJNA430161_Intervention","CandidateSignedCLR__Genus__Bilophila.Family__Desulfovibrionaceae","Arm_Resolved","Placebo","Baseline","Day 7",4,3.64845771989168,-0.700575958821114,-4.3490336787128,-2.20915332594485,3,0.583882420770365,"REVIEW_SMALL_PAIRED_N",0.934211873232584
"T04_PRJNA430161_Intervention","CandidateSignedCLR__Genus__Bilophila.Family__Desulfovibrionaceae","Arm_Resolved","Placebo","Baseline","Day 28",4,3.64845771989168,-1.14873521086337,-2.53738548048866,-2.48748674818085,0,0.100348246462291,"REVIEW_SMALL_PAIRED_N",0.459983133617655
"T04_PRJNA430161_Intervention","CandidateSignedCLR__Genus__Bilophila.Family__Desulfovibrionaceae","Arm_Resolved","Probiotic","Baseline","Day 7",5,-0.880817729951547,-0.71365092633533,0.167166803616217,-0.0909489630352242,8,1,"PASS",1
"T04_PRJNA430161_Intervention","CandidateSignedCLR__Genus__Bilophila.Family__Desulfovibrionaceae","Arm_Resolved","Probiotic","Baseline","Day 28",4,-1.11552081060728,-1.64239648810055,-0.463951653635697,-0.604528332928574,0,0.100348246462291,"REVIEW_SMALL_PAIRED_N",0.535190647798884
"T04_PRJNA430161_Intervention","CandidateSignedCLR__Genus__Butyricimonas.Family__Marinifilaceae","Arm_Resolved","Placebo","Baseline","Day 7",0,NA,NA,NA,NA,NA,NA,"INSUFFICIENT",NA
"T04_PRJNA430161_Intervention","CandidateSignedCLR__Genus__Butyricimonas.Family__Marinifilaceae","Arm_Resolved","Placebo","Baseline","Day 28",0,NA,NA,NA,NA,NA,NA,"INSUFFICIENT",NA
"T04_PRJNA430161_Intervention","CandidateSignedCLR__Genus__Butyricimonas.Family__Marinifilaceae","Arm_Resolved","Probiotic","Baseline","Day 7",0,NA,NA,NA,NA,NA,NA,"INSUFFICIENT",NA
"T04_PRJNA430161_Intervention","CandidateSignedCLR__Genus__Butyricimonas.Family__Marinifilaceae","Arm_Resolved","Probiotic","Baseline","Day 28",0,NA,NA,NA,NA,NA,NA,"INSUFFICIENT",NA
"T04_PRJNA430161_Intervention","CandidateSignedCLR__Genus__Parabacteroides.Family__Tannerellaceae","Arm_Resolved","Placebo","Baseline","Day 7",4,4.78476562295421,6.15633808543118,1.37157246247697,2.71535630235497,10,0.100348246462291,"REVIEW_SMALL_PAIRED_N",0.459983133617655
"T04_PRJNA430161_Intervention","CandidateSignedCLR__Genus__Parabacteroides.Family__Tannerellaceae","Arm_Resolved","Placebo","Baseline","Day 28",4,4.78476562295421,5.39356368005804,0.608798057103828,2.52118436010351,10,0.100348246462291,"REVIEW_SMALL_PAIRED_N",0.459983133617655
"T04_PRJNA430161_Intervention","CandidateSignedCLR__Genus__Parabacteroides.Family__Tannerellaceae","Arm_Resolved","Probiotic","Baseline","Day 7",5,-0.214660683269864,-0.385143791098012,0.965080100165006,1.19277468190412,13,0.177529852412153,"PASS",0.536646989220597
"T04_PRJNA430161_Intervention","CandidateSignedCLR__Genus__Parabacteroides.Family__Tannerellaceae","Arm_Resolved","Probiotic","Baseline","Day 28",4,-0.547739206610705,0.897342827819073,0.507374502234134,1.5909524220115,6,0.855132140584706,"REVIEW_SMALL_PAIRED_N",1
"T04_PRJNA430161_Intervention","CandidateSignedCLR__Genus__Hoylesella.Family__Prevotellaceae","Arm_Resolved","Placebo","Baseline","Day 7",0,NA,NA,NA,NA,NA,NA,"INSUFFICIENT",NA
"T04_PRJNA430161_Intervention","CandidateSignedCLR__Genus__Hoylesella.Family__Prevotellaceae","Arm_Resolved","Placebo","Baseline","Day 28",0,NA,NA,NA,NA,NA,NA,"INSUFFICIENT",NA
"T04_PRJNA430161_Intervention","CandidateSignedCLR__Genus__Hoylesella.Family__Prevotellaceae","Arm_Resolved","Probiotic","Baseline","Day 7",0,NA,NA,NA,NA,NA,NA,"INSUFFICIENT",NA
"T04_PRJNA430161_Intervention","CandidateSignedCLR__Genus__Hoylesella.Family__Prevotellaceae","Arm_Resolved","Probiotic","Baseline","Day 28",0,NA,NA,NA,NA,NA,NA,"INSUFFICIENT",NA
"T04_PRJNA430161_Intervention","CandidateSignedCLR__Genus__Campylobacter.Family__Campylobacteraceae","Arm_Resolved","Placebo","Baseline","Day 7",4,1.34762872471833,0.829916572086433,-0.182041455103996,0.0606909889265174,5,1,"REVIEW_SMALL_PAIRED_N",1
"T04_PRJNA430161_Intervention","CandidateSignedCLR__Genus__Campylobacter.Family__Campylobacteraceae","Arm_Resolved","Placebo","Baseline","Day 28",4,1.34762872471833,1.37076705585015,0.0521233514661937,1.25606889283438,6,0.855132140584706,"REVIEW_SMALL_PAIRED_N",1
"T04_PRJNA430161_Intervention","CandidateSignedCLR__Genus__Campylobacter.Family__Campylobacteraceae","Arm_Resolved","Probiotic","Baseline","Day 7",5,1.35022389126302,0.71365092633533,-0.167166803616217,-0.877888454256494,3,0.280712665268496,"PASS",0.641628949185133
"T04_PRJNA430161_Intervention","CandidateSignedCLR__Genus__Campylobacter.Family__Campylobacteraceae","Arm_Resolved","Probiotic","Baseline","Day 28",4,1.11552081060728,1.64239648810055,0.463951653635697,0.604528332928574,10,0.100348246462291,"REVIEW_SMALL_PAIRED_N",0.535190647798884
"T04_PRJNA430161_Intervention","CandidateSignedCLR__Genus__Atopobium.Family__Atopobiaceae","Arm_Resolved","Placebo","Baseline","Day 7",0,NA,NA,NA,NA,NA,NA,"INSUFFICIENT",NA
"T04_PRJNA430161_Intervention","CandidateSignedCLR__Genus__Atopobium.Family__Atopobiaceae","Arm_Resolved","Placebo","Baseline","Day 28",0,NA,NA,NA,NA,NA,NA,"INSUFFICIENT",NA
"T04_PRJNA430161_Intervention","CandidateSignedCLR__Genus__Atopobium.Family__Atopobiaceae","Arm_Resolved","Probiotic","Baseline","Day 7",0,NA,NA,NA,NA,NA,NA,"INSUFFICIENT",NA
"T04_PRJNA430161_Intervention","CandidateSignedCLR__Genus__Atopobium.Family__Atopobiaceae","Arm_Resolved","Probiotic","Baseline","Day 28",0,NA,NA,NA,NA,NA,NA,"INSUFFICIENT",NA
"T06_PRJNA912621_Cholestasis_Longitudinal","Alpha_Observed","Status_Resolved","No","Day 1","Day 3",10,63.5,57,-5.5,-9,23.5,0.721103096761767,"PASS",0.944182513250483
"T06_PRJNA912621_Cholestasis_Longitudinal","Alpha_Observed","Status_Resolved","No","Day 1","Day 7",9,63,76,27,25.3333333333333,39,0.0580240199462214,"PASS",0.55411082852357
"T06_PRJNA912621_Cholestasis_Longitudinal","Alpha_Observed","Status_Resolved","Yes","Day 1","Day 3",10,71.5,79.5,2,2.9,31,0.75961448880584,"PASS",0.879553618617288
"T06_PRJNA912621_Cholestasis_Longitudinal","Alpha_Observed","Status_Resolved","Yes","Day 1","Day 7",9,67,62,-13,-15.5555555555556,10,0.154769205277023,"PASS",0.423538659360237
"T06_PRJNA912621_Cholestasis_Longitudinal","Alpha_Shannon","Status_Resolved","No","Day 1","Day 3",10,2.06288766331997,2.01793310893984,-0.168605529875424,-0.0996517738253812,21,0.540817904242618,"PASS",0.944182513250483
"T06_PRJNA912621_Cholestasis_Longitudinal","Alpha_Shannon","Status_Resolved","No","Day 1","Day 7",9,1.16678498202707,3.00167472270318,0.475350120802009,0.777750526258598,38,0.0755605675259413,"PASS",0.55411082852357
"T06_PRJNA912621_Cholestasis_Longitudinal","Alpha_Shannon","Status_Resolved","Yes","Day 1","Day 3",10,2.12988669294047,1.41245182401461,-0.544819465574878,-0.450515336950137,10,0.0831311427008039,"PASS",0.423538659360237
"T06_PRJNA912621_Cholestasis_Longitudinal","Alpha_Shannon","Status_Resolved","Yes","Day 1","Day 7",9,2.27932129715335,1.45542459043627,-0.910194026153852,-0.732194493224603,4,0.0329693812442201,"PASS",0.362663193686421
"T06_PRJNA912621_Cholestasis_Longitudinal","Alpha_InverseSimpson","Status_Resolved","No","Day 1","Day 3",10,5.94808920236801,3.56359398926464,-0.506172880910036,-2.20014550977124,17,0.308063229907199,"PASS",0.944182513250483
"T06_PRJNA912621_Cholestasis_Longitudinal","Alpha_InverseSimpson","Status_Resolved","No","Day 1","Day 7",9,2.32679674242163,12.8638131055987,4.94236374164793,4.39872985320001,42,0.0243902414330541,"PASS",0.536585311527189
"T06_PRJNA912621_Cholestasis_Longitudinal","Alpha_InverseSimpson","Status_Resolved","Yes","Day 1","Day 3",10,3.31047312087828,1.90067708295908,-0.410178201684526,-1.08578714510259,14,0.185143724157873,"PASS",0.423538659360237
"T06_PRJNA912621_Cholestasis_Longitudinal","Alpha_InverseSimpson","Status_Resolved","Yes","Day 1","Day 7",9,3.53039657317857,2.36975872774679,-1.83950289875844,-2.04910603030556,8,0.0972010883062347,"PASS",0.423538659360237
"T06_PRJNA912621_Cholestasis_Longitudinal","SDI_Equal_Balance","Status_Resolved","No","Day 1","Day 3",10,0,2.04342207874106,1.18312891300365,0.761154409786415,30,0.406941216918031,"PASS",0.944182513250483
"T06_PRJNA912621_Cholestasis_Longitudinal","SDI_Equal_Balance","Status_Resolved","No","Day 1","Day 7",9,0,1.77060598487005,0,-0.0977729873058609,19,0.944182513250483,"PASS",0.944182513250483
"T06_PRJNA912621_Cholestasis_Longitudinal","SDI_Equal_Balance","Status_Resolved","Yes","Day 1","Day 3",10,1.3289194612264,1.00064784451776,-1.04389971043194,-0.0877604063682836,19,0.414823067184775,"PASS",0.651864819861789
"T06_PRJNA912621_Cholestasis_Longitudinal","SDI_Equal_Balance","Status_Resolved","Yes","Day 1","Day 7",9,1.0729586082894,1.68541526844944,1.2354396961331,1.07593268999196,30,0.406941216918031,"PASS",0.651864819861789
"T06_PRJNA912621_Cholestasis_Longitudinal","SDI_MetaWeighted_Balance","Status_Resolved","No","Day 1","Day 3",10,1.11022302462516e-16,1.63424670912027,1.22397260104144,0.647071050429904,30,0.406941216918031,"PASS",0.944182513250483
"T06_PRJNA912621_Cholestasis_Longitudinal","SDI_MetaWeighted_Balance","Status_Resolved","No","Day 1","Day 7",9,1.11022302462516e-16,1.50051689361105,0,-0.193797083502164,17,0.944182513250483,"PASS",0.944182513250483
"T06_PRJNA912621_Cholestasis_Longitudinal","SDI_MetaWeighted_Balance","Status_Resolved","Yes","Day 1","Day 3",10,1.01352792535509,0.937558670407894,-0.837925996032647,0.108614951393143,19,0.414823067184775,"PASS",0.651864819861789
"T06_PRJNA912621_Cholestasis_Longitudinal","SDI_MetaWeighted_Balance","Status_Resolved","Yes","Day 1","Day 7",9,0.861251230906743,1.35286297470068,1.88508705061379,1.33264434052286,31,0.343252562436031,"PASS",0.651864819861789
"T06_PRJNA912621_Cholestasis_Longitudinal","CandidateSignedCLR__Genus__Bilophila.Family__Desulfovibrionaceae","Status_Resolved","No","Day 1","Day 3",10,1.23786042490641,-0.325104119389777,0.0336828700066913,-0.472478821179799,26,0.918812683274642,"PASS",0.944182513250483
"T06_PRJNA912621_Cholestasis_Longitudinal","CandidateSignedCLR__Genus__Bilophila.Family__Desulfovibrionaceae","Status_Resolved","No","Day 1","Day 7",9,-0.316708878854528,2.65172435316075,0.0693499887298655,0.440805456933493,24,0.905695442034309,"PASS",0.944182513250483
"T06_PRJNA912621_Cholestasis_Longitudinal","CandidateSignedCLR__Genus__Bilophila.Family__Desulfovibrionaceae","Status_Resolved","Yes","Day 1","Day 3",10,1.81783268494181,-0.223670112782433,-0.842006630819709,-0.860098090747825,20,0.475532659596901,"PASS",0.697447900742122
"T06_PRJNA912621_Cholestasis_Longitudinal","CandidateSignedCLR__Genus__Bilophila.Family__Desulfovibrionaceae","Status_Resolved","Yes","Day 1","Day 7",9,1.08466255811313,2.62160115643809,0.0742705336094895,0.326473670453929,25,0.812703686128436,"PASS",0.89397405474128
"T06_PRJNA912621_Cholestasis_Longitudinal","CandidateSignedCLR__Genus__Butyricimonas.Family__Marinifilaceae","Status_Resolved","No","Day 1","Day 3",10,-0.324574652674337,1.3373481199885,0.104594179871365,0.350862429313703,34,0.540817904242618,"PASS",0.944182513250483
"T06_PRJNA912621_Cholestasis_Longitudinal","CandidateSignedCLR__Genus__Butyricimonas.Family__Marinifilaceae","Status_Resolved","No","Day 1","Day 7",9,-0.332440426494145,-0.313151098550395,0.0693499887298655,0.25143642824739,21,0.905695442034309,"PASS",0.944182513250483
"T06_PRJNA912621_Cholestasis_Longitudinal","CandidateSignedCLR__Genus__Butyricimonas.Family__Marinifilaceae","Status_Resolved","Yes","Day 1","Day 3",10,-0.495641545692301,-0.341935805890764,-0.109767494254521,-1.08212631434098,21,0.540817904242618,"PASS",0.699881993725741
"T06_PRJNA912621_Cholestasis_Longitudinal","CandidateSignedCLR__Genus__Butyricimonas.Family__Marinifilaceae","Status_Resolved","Yes","Day 1","Day 7",9,-0.484812732142457,-0.336819506279915,0.0742705336094895,-0.549124911375441,23,1,"PASS",1
"T06_PRJNA912621_Cholestasis_Longitudinal","CandidateSignedCLR__Genus__Parabacteroides.Family__Tannerellaceae","Status_Resolved","No","Day 1","Day 3",10,4.16917906648963,5.66611451956122,0.298422711208587,1.14212637417515,43,0.126278928554698,"PASS",0.694534107050838
"T06_PRJNA912621_Cholestasis_Longitudinal","CandidateSignedCLR__Genus__Parabacteroides.Family__Tannerellaceae","Status_Resolved","No","Day 1","Day 7",9,3.03485540349233,5.48348967570573,-0.25061845394024,1.4341770821865,25,0.812703686128436,"PASS",0.944182513250483
"T06_PRJNA912621_Cholestasis_Longitudinal","CandidateSignedCLR__Genus__Parabacteroides.Family__Tannerellaceae","Status_Resolved","Yes","Day 1","Day 3",10,5.14348496557853,2.24012829001387,-2.04552527964468,-2.31509001868137,3,0.0144328239388418,"PASS",0.317522126654519
"T06_PRJNA912621_Cholestasis_Longitudinal","CandidateSignedCLR__Genus__Parabacteroides.Family__Tannerellaceae","Status_Resolved","Yes","Day 1","Day 7",9,5.15842641263521,4.47836596136936,-1.06639954874584,-1.67712156337488,11,0.192517572436471,"PASS",0.423538659360237
"T06_PRJNA912621_Cholestasis_Longitudinal","CandidateSignedCLR__Genus__Hoylesella.Family__Prevotellaceae","Status_Resolved","No","Day 1","Day 3",10,0.324574652674337,0.37620653681253,0.0863310080704016,0.342479003797731,32,0.683480902201426,"PASS",0.944182513250483
"T06_PRJNA912621_Cholestasis_Longitudinal","CandidateSignedCLR__Genus__Hoylesella.Family__Prevotellaceae","Status_Resolved","No","Day 1","Day 7",9,0.332440426494145,0.36114794854301,0.25061845394024,-0.625622912467635,28,0.553616991965781,"PASS",0.944182513250483
"T06_PRJNA912621_Cholestasis_Longitudinal","CandidateSignedCLR__Genus__Hoylesella.Family__Prevotellaceae","Status_Resolved","Yes","Day 1","Day 3",10,0.383511632214088,0.341935805890764,0.195684140117818,1.5270704696812,43,0.126278928554698,"PASS",0.423538659360237
"T06_PRJNA912621_Cholestasis_Longitudinal","CandidateSignedCLR__Genus__Hoylesella.Family__Prevotellaceae","Status_Resolved","Yes","Day 1","Day 7",9,0.484812732142457,0.480038628689399,-0.0742705336094895,1.44817055997742,27,0.635586122278767,"PASS",0.776827482785159
"T06_PRJNA912621_Cholestasis_Longitudinal","CandidateSignedCLR__Genus__Campylobacter.Family__Campylobacteraceae","Status_Resolved","No","Day 1","Day 3",10,-2.93534066321409,0.325104119389777,0.701044178409103,0.446607225341371,34,0.540817904242618,"PASS",0.944182513250483
"T06_PRJNA912621_Cholestasis_Longitudinal","CandidateSignedCLR__Genus__Campylobacter.Family__Campylobacteraceae","Status_Resolved","No","Day 1","Day 7",9,-2.51634960753544,-3.06888550103211,-0.109954459785832,-1.26705537058298,17,0.553616991965781,"PASS",0.944182513250483
"T06_PRJNA912621_Cholestasis_Longitudinal","CandidateSignedCLR__Genus__Campylobacter.Family__Campylobacteraceae","Status_Resolved","Yes","Day 1","Day 3",10,-1.15939975759775,0.255475707100882,0.711916297344374,1.66512916453058,43,0.126278928554698,"PASS",0.423538659360237
"T06_PRJNA912621_Cholestasis_Longitudinal","CandidateSignedCLR__Genus__Campylobacter.Family__Campylobacteraceae","Status_Resolved","Yes","Day 1","Day 7",9,-2.60101004748122,0.410542198532967,3.08104867617062,2.93998580109741,35,0.155131568727114,"PASS",0.423538659360237
"T06_PRJNA912621_Cholestasis_Longitudinal","CandidateSignedCLR__Genus__Atopobium.Family__Atopobiaceae","Status_Resolved","No","Day 1","Day 3",10,0.498033661226827,0.491212215649653,0.035479135691189,0.473867017911095,31,0.759765825978067,"PASS",0.944182513250483
"T06_PRJNA912621_Cholestasis_Longitudinal","CandidateSignedCLR__Genus__Atopobium.Family__Atopobiaceae","Status_Resolved","No","Day 1","Day 7",9,0.492660185116675,0.567327332794768,0.243465212884669,-0.527059646234354,27,0.635586122278767,"PASS",0.944182513250483
"T06_PRJNA912621_Cholestasis_Longitudinal","CandidateSignedCLR__Genus__Atopobium.Family__Atopobiaceae","Status_Resolved","Yes","Day 1","Day 3",10,0.509463262224138,0.687513496181842,0.0223770915317709,0.801833570453546,34,0.540817904242618,"PASS",0.699881993725741
"T06_PRJNA912621_Cholestasis_Longitudinal","CandidateSignedCLR__Genus__Atopobium.Family__Atopobiaceae","Status_Resolved","Yes","Day 1","Day 7",9,0.506470359242144,0.483325005682738,-0.0742705336094895,0.739414513197443,21,0.905695442034309,"PASS",0.948823796416896
